iso3c,year,kof_trade_df,kof_trade_dj,trade_total_GDP,gvnt_cons,gvtn_expense
AUT,1965,,,48.2393149536368,13.4279181998776,
AUT,1966,,,48.9255425298678,13.7293662742236,
AUT,1967,,,48.3085412151414,14.6301801027666,
AUT,1968,,,49.013881174705,14.8230286357765,
AUT,1969,,,52.7252596626323,15.1459129274442,
AUT,1970,49.7418479919434,64.1869201660156,54.86039174788,14.3153976502541,
AUT,1971,49.5560340881348,64.1869201660156,54.3804711459358,14.393009971543,
AUT,1972,49.5560340881348,65.6987228393555,54.2960192212936,14.2445723828885,25.915402431263
AUT,1973,49.7418479919434,66.536865234375,54.4568199360651,14.6867458207583,27.6120905924962
AUT,1974,53.4146423339844,67.542106628418,59.5677317780406,15.3485413051329,27.9038754307352
AUT,1975,50.7183609008789,69.2175064086914,56.5991341566834,16.7899787187875,31.1084772401006
AUT,1976,53.0074310302734,70.6245574951172,59.9162816321086,17.1817690787957,31.6191570203661
AUT,1977,51.8213844299316,71.361442565918,60.2775956821567,17.0109080701459,31.4136612506303
AUT,1978,50.6590538024902,73.1035766601563,59.6679877608595,17.6562140182671,33.8517496022245
AUT,1979,51.9953346252441,73.9071884155274,63.3172191333532,17.5220947153094,33.322423459081
AUT,1980,53.5727996826172,75.6552047729492,66.8250060486283,17.5341448172113,33.4739417524882
AUT,1981,54.7459716796875,75.9036560058594,68.396550301208,17.9647044912803,34.5654438737343
AUT,1982,53.1940231323242,76.150390625,64.1171139234959,18.3466777107019,34.9966352092361
AUT,1983,52.0510406494141,76.0558013916016,62.4721849872476,18.346321668112,35.4160012481996
AUT,1984,54.621711730957,76.2568130493164,66.5750060351522,18.388731219501,35.7051300943499
AUT,1985,56.2324256896973,76.7561264038086,70.0831614762495,18.5778439827762,35.5729953121721
AUT,1986,52.1666221618652,76.6904296875,64.014597212162,18.7854384188693,36.2747019751862
AUT,1987,51.0261192321777,77.0576705932617,62.8537227269269,18.7520822072581,36.855583666469
AUT,1988,52.1593360900879,76.8975830078125,66.562550344062,18.5135055835517,37.1699418693453
AUT,1989,53.8844375610352,77.0522842407227,70.5383587945509,18.1859860727517,35.7534635722505
AUT,1990,54.7153282165527,77.5610275268555,71.4883694819226,17.9756735956968,35.5912700666184
AUT,1991,53.8621635437012,78.1961135864258,70.0484058928522,18.1577959151049,36.0426099357778
AUT,1992,52.3556823730469,79.2088775634766,67.6301674653756,18.489911916127,36.697148990262
AUT,1993,51.3755035400391,80.4632949829102,63.2650504915528,19.3004156683679,38.7564718107163
AUT,1994,53.1042213439941,81.3824005126953,65.9870933378821,19.4443663728491,38.6749163266011
AUT,1995,53.6836776733399,87.4657669067383,68.25660110272,19.5896579303121,48.7183958892184
AUT,1996,55.2402076721192,90.7535705566406,70.0836711206827,19.5657433008979,48.7386551439875
AUT,1997,58.5964851379395,93.4099884033203,74.8676902155828,19.6007911245516,47.5228026402187
AUT,1998,59.2105903625488,94.2550659179688,76.9271493915785,19.5530546720414,47.2509965921999
AUT,1999,59.9049453735352,95.266845703125,78.2601403439716,19.8436668661919,47.1087352314622
AUT,2000,63.0592193603516,97.5695114135742,85.3604956179232,19.2197165554154,46.2637884393769
AUT,2001,63.8212547302246,96.0961380004883,87.5366647639352,18.9761681528468,46.6155776930225
AUT,2002,63.8287391662598,96.036003112793,86.9481679996606,18.8386965201083,45.9729061942825
AUT,2003,64.0542907714844,97.275390625,86.3873824162825,18.979639912386,46.0361198617491
AUT,2004,65.1422576904297,95.7478942871094,90.7923456929297,18.8913590714454,48.6070087732423
AUT,2005,65.8863983154297,94.4919052124023,94.0338056833054,19.3462734216739,45.9123747815754
AUT,2006,66.7197189331055,91.4355621337891,98.0883112053436,19.2582902718553,45.188096157763
AUT,2007,67.8105239868164,91.7853698730469,100.733254061926,18.7447920696102,43.9779149065683
AUT,2008,68.7034301757813,91.3854064941406,102.073682731706,19.2721309580265,44.5742404112228
AUT,2009,63.1873970031738,91.8862762451172,87.0622309742796,20.6842134754264,47.848356650487
AUT,2010,66.5123825073242,91.0931015014648,99.0197962369563,20.4925476679965,46.4268063334548
AUT,2011,68.9356155395508,89.496711730957,105.102788629725,19.89656808887,45.5076838109706
AUT,2012,69.1437072753906,88.9093246459961,105.152177427838,19.8606923693557,46.1450516838
AUT,2013,70.3340911865234,87.5748596191406,104.066414086373,19.9159427520344,46.6216192018652
AUT,2014,70.4948577880859,93.3559112548828,103.503535251069,19.8028420386289,47.5011846905473
AUT,2015,69.9727630615234,92.4937438964844,102.430054670253,19.7623146628968,46.2789576356442
AUT,2016,69.2274551391602,92.4522399902344,101.00202508107,19.7245664052466,45.1839908303893
AUT,2017,,,104.375795166018,19.5568430175175,44.2291422281375
AUT,2018,,,,19.188882639976,
AUT,2019,,,,,
AUT,2020,,,,,
BEL,1965,,,83.9900692062356,15.9482711472137,
BEL,1966,,,88.0357457342498,16.3740908272683,
BEL,1967,,,84.9542938596995,16.7980417392359,
BEL,1968,,,89.2725658349821,16.959674756981,
BEL,1969,,,96.4912899323802,16.9944350313235,
BEL,1970,69.6620864868164,78.622917175293,87.0758025041546,16.6565404687201,
BEL,1971,69.0690612792969,78.8755416870117,84.9490549800667,17.6321606797242,
BEL,1972,68.6855773925781,79.1281661987305,84.5787180649479,18.1437258458672,
BEL,1973,70.8006896972656,80.1386871337891,93.4462479046126,18.4221142743291,
BEL,1974,73.1253433227539,80.3913116455078,104.495768978865,18.7818722435516,
BEL,1975,71.2079010009766,80.3913116455078,90.8501180613793,20.981687267206,
BEL,1976,71.7771987915039,80.6934585571289,96.1032781185445,21.137507336769,
BEL,1977,71.7890625,80.4408340454102,94.9763496102847,21.6640928566126,
BEL,1978,71.4055709838867,80.7429809570313,91.6365514233163,22.4532983415446,
BEL,1979,72.9395294189453,80.2377243041992,100.831741990439,22.7850830116046,
BEL,1980,74.7820892333984,80.6349258422852,102.306683920574,22.6906864605787,
BEL,1981,75.9739379882813,80.681266784668,109.417686161341,23.9133220125009,
BEL,1982,75.97509765625,80.7412414550781,117.06390427629,23.5747925695684,
BEL,1983,75.9950714111328,80.8982391357422,119.509460317824,23.2342881123844,
BEL,1984,76.6691055297852,81.3258666992188,127.286436050737,23.1643832522207,
BEL,1985,76.5871658325195,82.0552978515625,122.963339106446,22.6539068162856,
BEL,1986,74.6638336181641,81.9118041992188,111.494554813514,22.5088783970216,
BEL,1987,74.1201171875,81.8580703735352,109.105628431747,22.3443150636198,
BEL,1988,74.4643859863281,81.8087310791016,115.55989903239,20.9767322214459,
BEL,1989,75.2305145263672,82.0942840576172,124.011913158749,20.2947740378903,
BEL,1990,74.9219207763672,82.0743560791016,120.56967271465,20.058103879023,
BEL,1991,74.7496566772461,82.4048233032227,117.712773234039,20.6986611202908,
BEL,1992,74.0973663330078,83.7824401855469,114.215711339517,20.7958946880853,
BEL,1993,75.0127182006836,84.8280944824219,108.201663534969,21.1269789051092,
BEL,1994,75.632080078125,84.7572174072266,112.388936950299,20.9357872370309,
BEL,1995,76.0418243408203,85.0278015136719,115.511365408443,21.1312671360078,45.2931680904734
BEL,1996,76.7897109985352,86.9562301635742,118.060093802792,21.5048086897247,45.5434875225986
BEL,1997,78.2428512573242,90.5014190673828,124.366693263271,20.9557783887769,44.3177307299639
BEL,1998,78.4094696044922,92.3494491577148,123.484495687655,20.8567032397172,43.999051557084
BEL,1999,78.3890075683594,93.7402725219727,123.99724026107,21.0158623569972,43.3505441681066
BEL,2000,79.5184097290039,95.7612915039063,141.079071496619,20.8744026457854,42.3270286807476
BEL,2001,78.6580810546875,94.2135467529297,138.694465221206,21.2786938782881,42.8649632564852
BEL,2002,78.9585723876953,94.6924362182617,135.124884981773,21.9163754325794,41.0852194625927
BEL,2003,77.5651702880859,94.1077423095703,131.990312645394,22.3516070995784,42.2736624604395
BEL,2004,77.4220428466797,93.7713165283203,136.037833248748,22.0352595219189,40.5792492270115
BEL,2005,78.4363861083984,91.6328735351563,143.376220942029,22.1078474178826,43.3828024070826
BEL,2006,78.5280990600586,87.6651306152344,147.693901435153,21.8922550243815,40.3622275127724
BEL,2007,80.7491226196289,88.1055908203125,151.163621858795,21.5865975269246,40.1091924429778
BEL,2008,82.3150253295898,88.5742340087891,158.908045084263,22.5543888863627,41.7607287230993
BEL,2009,82.585807800293,90.0323638916016,136.356757863313,24.0213130814714,44.0238590909886
BEL,2010,83.9578628540039,90.4098510742188,151.100176526737,23.554856813398,43.2770702861267
BEL,2011,84.6612167358398,87.9884185791016,162.753665660528,23.7736750879635,44.4011086072693
BEL,2012,85.1527633666992,86.5490951538086,163.994977033554,24.26079373915,45.7257946514078
BEL,2013,85.3967819213867,84.790168762207,162.218643125169,24.4907857933353,45.5299717234907
BEL,2014,86.8274688720703,91.4687652587891,164.698392797959,24.3318321583377,45.2568019023881
BEL,2015,87.6217041015625,91.0672149658203,160.172010329671,23.7847622990557,41.9289389245072
BEL,2016,87.440185546875,89.2759399414063,164.115647259704,23.3886718635003,41.2486484487807
BEL,2017,,,170.399444803678,23.2138022585555,40.2216203354248
BEL,2018,,,,23.2967529600624,
BEL,2019,,,,,
BEL,2020,,,,,
CZE,1965,,,,,
CZE,1966,,,,,
CZE,1967,,,,,
CZE,1968,,,,,
CZE,1969,,,,,
CZE,1970,,,,,
CZE,1971,,,,,
CZE,1972,,,,,
CZE,1973,,,,,
CZE,1974,,,,,
CZE,1975,,,,,
CZE,1976,,,,,
CZE,1977,,,,,
CZE,1978,,,,,
CZE,1979,,,,,
CZE,1980,,,,,
CZE,1981,,,,,
CZE,1982,,,,,
CZE,1983,,,,,
CZE,1984,,,,,
CZE,1985,,,,,
CZE,1986,,,,,
CZE,1987,,,,,
CZE,1988,,,,,
CZE,1989,,,,,
CZE,1990,,,63.8063915958096,22.0731052581619,
CZE,1991,,,71.6182599927635,21.7221254996356,
CZE,1992,,,78.8951160454185,20.7234132251379,
CZE,1993,61.398193359375,75.1652069091797,79.134572964316,21.0853224832063,31.187212554897
CZE,1994,62.3493957519531,75.1887664794922,75.6995856021595,21.3760477755153,30.6727202760068
CZE,1995,63.8559112548828,76.4007415771484,83.8949552049328,20.3611592445257,47.6307118989793
CZE,1996,62.6988525390625,76.9082946777344,81.4932504446358,19.6521336470257,38.014465925552
CZE,1997,64.4765930175781,79.1155471801758,85.0741681450944,20.3383833871524,35.7405965615388
CZE,1998,64.5227279663086,80.5874862670899,84.6886095670449,19.3101064159386,36.6125618422383
CZE,1999,66.2703475952149,81.2374038696289,86.2612529248574,20.2436478139436,35.4901430019483
CZE,2000,69.7791213989258,81.4134368896484,98.2331208001368,19.871076362753,34.2021263406255
CZE,2001,69.5448608398438,81.1574172973633,99.3099739945622,19.825612883808,37.3074657293963
CZE,2002,66.0995407104492,84.2822570800781,91.5259818230906,21.2871283436578,37.5908584435518
CZE,2003,65.348014831543,83.728645324707,95.0151972222993,22.2604258068832,38.857208735325
CZE,2004,65.9330368041992,90.7975158691406,113.868335225069,20.9822938803126,35.1828474251284
CZE,2005,64.7716827392578,91.7912673950195,122.015258515417,20.6795794459362,33.8335787188152
CZE,2006,67.1265182495117,88.4973068237305,127.632502637499,20.2437487154115,32.877011430774
CZE,2007,68.0194625854492,88.6569976806641,130.372902700621,19.4221686474657,32.6351254401884
CZE,2008,67.5810852050781,89.1611938476563,124.288831562303,19.4049278388277,32.2268711371961
CZE,2009,66.1857604980469,88.8486557006836,113.492768818716,20.9977892885957,35.2578573883787
CZE,2010,69.9786376953125,88.5153656005859,128.967077051047,20.8282775565911,35.2184146026311
CZE,2011,71.5271301269531,86.3535003662109,138.784978264669,20.1589090066204,35.1625718468276
CZE,2012,73.4109878540039,83.1008453369141,147.537458939997,19.8053061248618,36.8071278392241
CZE,2013,73.5126342773438,83.073600769043,147.978174425006,20.1556417954734,35.0831403997142
CZE,2014,74.9581909179688,94.151969909668,158.726956742669,19.684667006198,34.680161686165
CZE,2015,74.3374328613281,93.0299224853516,156.099863722896,19.2160944065462,33.4067121968117
CZE,2016,73.8058242797852,92.9886093139648,151.394675743867,19.267615913624,32.9617092317727
CZE,2017,,,151.928875567708,19.1873740778921,32.1020068880842
CZE,2018,,,,19.9696626105468,
CZE,2019,,,,,
CZE,2020,,,,,
DEU,1965,,,,,
DEU,1966,,,,,
DEU,1967,,,,,
DEU,1968,,,,,
DEU,1969,,,,,
DEU,1970,21.5446701049805,81.0948333740234,31.8155483722306,16.1406625317169,
DEU,1971,20.5681571960449,81.262809753418,30.9459003050632,17.2321298357023,
DEU,1972,19.5562953948975,81.430793762207,30.8344370581945,17.5857074016246,20.2451425486329
DEU,1973,20.9162979125977,83.1079406738281,31.8077841214888,18.2651049686293,20.6640515527441
DEU,1974,25.0197868347168,83.6110076904297,37.074439055349,19.6835213358008,22.2783016786358
DEU,1975,24.6716480255127,84.9513244628906,36.0255816499697,20.7926888310952,24.5751452011994
DEU,1976,28.1374588012695,85.152229309082,38.4972486719417,20.2647220899034,24.7354450705655
DEU,1977,28.532808303833,84.984245300293,38.2301505974497,20.2275483151355,24.8111263001641
DEU,1978,27.9516448974609,85.1851501464844,37.3036255570964,20.3480224557373,24.8004287189228
DEU,1979,28.9044361114502,84.8491973876953,39.3552100939341,20.2601828314206,24.3446380450108
DEU,1980,32.6349067687988,85.3271102905273,41.9938930471203,20.7397313032789,25.4809535025699
DEU,1981,35.6156425476074,85.3116683959961,44.3302124753721,21.2787777244018,26.2702389772785
DEU,1982,36.0631637573242,85.3019714355469,44.5349453242277,20.9721668921738,26.512415698961
DEU,1983,34.6213302612305,85.3700790405273,43.7201739789873,20.7192962193096,26.0914939623213
DEU,1984,36.862003326416,85.6355133056641,46.3959011796766,20.5194253793568,26.2962508325889
DEU,1985,38.7877349853516,86.0993270874024,48.0736790945183,20.4492680234702,25.863433609418
DEU,1986,33.239990234375,85.96337890625,43.085752999907,20.3328908778745,25.4416263163614
DEU,1987,31.638370513916,86.1978149414063,41.8264475858919,20.5485764516332,25.8547623436741
DEU,1988,31.8696212768555,86.1216125488281,42.6662605609414,20.301241329319,25.6427735292641
DEU,1989,34.2475051879883,86.2767181396484,45.3646253285851,19.3455752565795,24.6505937724218
DEU,1990,34.2074165344238,86.2625885009766,46.0141918466429,18.9674595493508,24.7794420187053
DEU,1991,32.1189346313477,86.4993209838867,47.9745537409799,18.547031269781,31.2036966704646
DEU,1992,30.6569004058838,87.4666519165039,45.0500200552108,19.0287379373806,31.4311752353538
DEU,1993,29.7226753234863,88.1933517456055,40.644305281519,19.1099482428298,31.8490177575706
DEU,1994,30.4889602661133,88.1460723876953,42.0729501882215,19.064137377137,31.8807402105677
DEU,1995,31.5294322967529,88.3524551391602,43.5447210987529,19.1461809066397,38.248283198517
DEU,1996,32.9308052062988,89.7196044921875,44.9967295153453,19.4049794426679,32.3666369035259
DEU,1997,37.3528747558594,92.1851425170899,49.6010350314424,19.0345129099329,31.7971724730439
DEU,1998,39.059211730957,93.6450119018555,51.5828721206206,18.7922090148298,31.658383831377
DEU,1999,40.668643951416,94.7840728759766,53.3694451977839,18.9176126457712,31.5385397698656
DEU,2000,46.6610221862793,96.0150375366211,61.3899965981252,18.6643389023284,31.1898529634109
DEU,2001,47.7438087463379,94.3594970703125,61.9777966373833,18.5631580154598,30.6428882721288
DEU,2002,47.4977416992188,95.0713043212891,60.7730085231002,18.8298503139018,31.0132667055932
DEU,2003,47.5650024414063,95.9244537353516,61.5191344456056,18.9539115707542,31.4569294800187
DEU,2004,50.2963676452637,95.4657974243164,65.8561097849926,18.4510398041064,30.280319912623
DEU,2005,53.1423873901367,93.9349365234375,70.421190337526,18.3842563215493,30.3238354354459
DEU,2006,56.9349327087402,90.3919067382813,77.0821685991852,17.9838295205265,29.0928653504648
DEU,2007,57.9977798461914,89.7768783569336,79.3705311491587,17.4970058450679,27.8477497085424
DEU,2008,58.8917770385742,88.868278503418,80.9449046351308,17.8615316152303,28.105584485545
DEU,2009,54.1200828552246,89.5838775634766,70.6650462548978,19.5590339310973,30.8550652771229
DEU,2010,58.645637512207,89.2843856811524,79.3030782229871,19.1211057107199,31.1169120097982
DEU,2011,61.2138137817383,88.2051162719727,84.7477359495694,18.7076785344343,28.7230681582764
DEU,2012,62.1358146667481,87.0937042236328,85.8747543741344,18.8420598493253,28.3042932863472
DEU,2013,62.6163482666016,86.5544738769531,84.83642578125,19.2076044497283,28.5121928781703
DEU,2014,62.3753242492676,90.2159957885742,84.3652568068359,19.1915850799193,27.9109709078163
DEU,2015,63.7338409423828,89.0705642700195,85.7119710317955,19.2661191396128,27.6992384038624
DEU,2016,63.8365325927734,90.6477813720703,83.9622122003323,19.4791993037424,27.5979745233009
DEU,2017,,,86.533713316287,19.4937052609738,27.8925286970531
DEU,2018,,,,19.5278499704666,
DEU,2019,,,,,
DEU,2020,,,,,
DNK,1965,,,60.8372776984055,16.5837964061242,
DNK,1966,,,59.3351573013005,17.4155511735533,
DNK,1967,,,57.3370432495437,18.150199211515,
DNK,1968,,,57.3598790577062,18.9403250924221,
DNK,1969,,,57.9455106144874,19.2040724514686,
DNK,1970,47.1869888305664,77.4914169311523,57.1346024706011,20.9618589274781,
DNK,1971,46.2341995239258,77.4914169311523,55.6746345318056,22.3675834894765,
DNK,1972,44.502571105957,77.4914169311523,53.2211410414434,22.4331211723386,29.078572524098
DNK,1973,46.5939636230469,83.5307464599609,57.8397568650655,21.9601496734949,26.8115542027111
DNK,1974,50.6383857727051,84.7039642333984,64.6615819100498,23.647424134623,30.1698577641179
DNK,1975,48.1397819519043,84.7039642333984,59.7005684212337,24.5964690305732,31.024529724692
DNK,1976,48.3490829467774,85.5420989990235,61.0073442910106,24.0947428177712,29.9757364017471
DNK,1977,48.6174507141113,86.213134765625,60.2827363525338,23.8013547378851,30.4515069213061
DNK,1978,45.4551239013672,86.8832931518555,57.0529054275303,24.4630588105008,31.3683033067451
DNK,1979,47.1748924255371,86.5473403930664,60.8478728892995,24.9108042665707,32.8700843250673
DNK,1980,50.3093986511231,86.6724853515625,65.455711106898,26.2675231811366,35.9794570496622
DNK,1981,57.1356239318848,86.6055679321289,70.7448160079858,27.2725362891573,38.049103905296
DNK,1982,53.9671096801758,86.5441589355469,70.8385645948222,27.6909881124208,39.1518214901023
DNK,1983,53.8945693969727,86.5551300048828,69.6329046136203,26.9824982840273,39.6594617730869
DNK,1984,55.2077674865723,86.7572555541992,70.9085829947609,25.130638413359,39.1626412208182
DNK,1985,56.3987197875977,87.4752731323242,72.0872649501849,24.589910127573,37.4782786755059
DNK,1986,48.392707824707,87.275520324707,64.7973394888058,23.5316239700794,35.1359951817149
DNK,1987,45.8252182006836,87.1532592773438,61.352944241723,24.2985464708028,34.9896290019194
DNK,1988,49.1450576782227,87.03662109375,63.7553288320023,24.7009687303786,36.512720384377
DNK,1989,51.9296646118164,87.1598205566406,67.0449318149182,24.3604408890053,36.8372293601967
DNK,1990,51.6014747619629,87.1181640625,67.2901980814838,23.9066436745693,37.0039568823522
DNK,1991,53.2629127502441,87.3285522460938,69.1465171562325,24.248141589851,36.5903919844332
DNK,1992,49.553150177002,88.2681732177734,67.001908963461,24.1630090143079,37.5756956679134
DNK,1993,49.0583648681641,88.9609298706055,65.6049871508488,25.3010845976733,40.2883841989514
DNK,1994,51.0192337036133,88.8560104370117,67.7805788061042,24.4041377400127,40.7075913508083
DNK,1995,50.614860534668,88.9999160766602,68.5145824871223,24.052117353875,42.3242049497383
DNK,1996,52.0162162780762,89.9324340820313,68.4712837216826,24.105449461598,40.9902840653873
DNK,1997,52.5901947021484,92.3755874633789,71.1684286847292,23.6392158131465,39.3294163759294
DNK,1998,54.5462417602539,93.6401977539063,71.2991193840073,24.1290895566039,38.9756196750928
DNK,1999,59.2356681823731,94.4245452880859,72.6971996446295,24.3660044128123,38.1758420989158
DNK,2000,65.7533798217774,95.671745300293,82.983950706603,23.8737850297513,36.7934107533369
DNK,2001,66.3078079223633,94.2353286743164,83.9685868149784,24.3249451320368,36.6254755765814
DNK,2002,66.9213333129883,94.9792098999023,84.5569397654777,24.8690495149767,36.6384893476224
DNK,2003,64.6515960693359,95.6746673583984,80.8817255042801,25.0380156275348,37.0814365888419
DNK,2004,66.0191268920899,95.0458297729492,82.2077807385254,24.9339177308988,36.8121318883923
DNK,2005,69.2943878173828,93.0994720458984,89.399766958557,24.4986682307176,34.8998439246717
DNK,2006,71.4113616943359,89.7923126220703,97.366697181173,24.2035089640565,33.2287477094202
DNK,2007,71.8966751098633,89.8925094604492,100.067861137709,24.337990330337,36.0667508169168
DNK,2008,73.9579544067383,89.7566528320313,104.828223617379,25.1008910550153,36.760980329934
DNK,2009,68.4196624755859,89.2993927001953,89.7550319572765,27.935028524251,41.9424059218607
DNK,2010,69.9604644775391,90.8243026733398,94.0999797893453,27.3658398625731,42.2686056002143
DNK,2011,72.4669418334961,89.2709274291992,101.245740053085,26.5646392625055,42.3863047125002
DNK,2012,73.2389678955078,87.9183044433594,103.240999217943,26.471472471399,43.523694932766
DNK,2013,72.893669128418,87.3875427246094,103.050147770845,26.0075127162445,41.4137695541439
DNK,2014,72.4090042114258,91.3217468261719,102.263920471036,25.7856363463269,40.9107774305507
DNK,2015,73.0352401733398,89.9368743896484,104.048211609365,25.4692179205757,40.4442011259575
DNK,2016,71.9838790893555,90.9888153076172,100.450239403947,24.9588599600687,38.5236544315847
DNK,2017,,,101.991674268973,24.5922174546771,37.5349316027273
DNK,2018,,,,24.5685934039858,
DNK,2019,,,,,
DNK,2020,,,,,
ESP,1965,,,21.339131482055,9.00612433043139,
ESP,1966,,,22.4491043901193,9.34331058727753,
ESP,1967,,,20.4347228294671,10.0991919267935,
ESP,1968,,,23.1690212865005,9.75907887380361,
ESP,1969,,,24.4614859064338,9.79178599821145,
ESP,1970,23.0021114349365,61.7067565917969,25.8499835480875,9.89150517384753,
ESP,1971,23.013973236084,61.7067565917969,25.9287886400268,10.064242311921,
ESP,1972,23.3974609375,61.7067565917969,27.2146600553767,9.94709718143503,
ESP,1973,22.9902515411377,62.2115669250488,28.1388966248621,9.93367705230903,
ESP,1974,25.1290893554688,62.5466461181641,31.7185343975355,10.3420176963498,
ESP,1975,25.1528129577637,63.551887512207,29.1090517334833,10.9222404786954,
ESP,1976,25.1174640655518,61.7423095703125,30.0997697037556,11.7985675616991,
ESP,1977,24.9551372528076,61.7423095703125,29.1926121980085,12.0133403293515,
ESP,1978,24.9904861450195,64.2887725830078,27.7617411939919,12.45562486995,
ESP,1979,24.7574634552002,64.2887725830078,27.871061397348,12.9800708923962,
ESP,1980,26.6264972686768,72.7467956542969,31.5916735996418,13.6349145701969,
ESP,1981,30.1985759735107,72.8563613891602,35.4168495107948,14.5728064651884,
ESP,1982,30.6398754119873,72.3386383056641,36.5674274315524,14.7478453691631,
ESP,1983,33.0534629821777,72.5131912231445,39.8151110411926,15.1879584129848,
ESP,1984,34.7358589172363,73.1975250244141,41.599692925074,14.9498684754592,
ESP,1985,33.6407470703125,72.3283996582031,40.9232996201669,15.2190528314358,
ESP,1986,26.8434658050537,77.6676788330078,35.3974101432591,15.0234394831697,
ESP,1987,26.0700721740723,77.71533203125,36.3646225041333,15.5209008976082,
ESP,1988,25.5264797210693,77.7599716186523,36.7543485799745,15.3685415766067,
ESP,1989,25.2729415893555,78.9318313598633,37.4187119446568,15.869665311544,
ESP,1990,21.7879276275635,79.5539245605469,35.6429965830852,16.2842894753641,
ESP,1991,21.0902080535889,80.7193145751953,35.5113418967612,16.9578224432683,
ESP,1992,21.860523223877,82.6199798583984,36.012533326518,17.8445322554615,
ESP,1993,24.160831451416,85.2006149291992,36.9930776907673,18.3851700259049,
ESP,1994,27.207935333252,85.8268661499024,41.6956042634468,17.8005863020025,
ESP,1995,29.2062759399414,86.7098541259766,44.8302662315468,17.6521812960854,24.7090915819975
ESP,1996,30.6319713592529,89.2475891113281,46.3284234167773,17.5431154609092,23.6001819701962
ESP,1997,32.237434387207,91.012580871582,51.2922522772942,17.0748326895718,21.9575754417053
ESP,1998,35.8160400390625,92.6756820678711,52.8642232899311,16.9288609888781,21.5485468610683
ESP,1999,36.1787376403809,93.99658203125,54.7380518108212,16.8395264472099,20.5924121174594
ESP,2000,42.6072883605957,95.3983001708984,60.237833655706,16.7292843326886,20.1333849129594
ESP,2001,41.3658409118652,94.463737487793,58.0741585754966,16.5684575885454,19.4744170354868
ESP,2002,39.4340209960938,94.3896255493164,54.9828637319695,16.6239149699448,17.970927066762
ESP,2003,37.596004486084,95.3969879150391,53.1113716470518,16.7632475058247,17.3744698010634
ESP,2004,38.3845405578613,93.1900100708008,54.2124631422535,17.1596898144923,17.7198114740777
ESP,2005,39.3977661132813,92.0416793823242,54.335103582121,17.3109698828455,16.8801568077922
ESP,2006,41.0746994018555,88.2234344482422,55.6592729574374,17.3545150966196,16.9895255234758
ESP,2007,41.1204719543457,87.9618606567383,57.406456471877,17.6758662739971,17.0662292157619
ESP,2008,41.1936721801758,87.9283905029297,55.7579341082667,18.7721113574772,17.6158928531434
ESP,2009,32.8574752807617,89.0901489257813,46.4972031004993,20.4852036787847,21.4150939899097
ESP,2010,37.8716125488281,90.0590133666992,52.3435729252915,20.5134443791717,19.7632605105765
ESP,2011,44.581714630127,88.7229537963867,58.0860928451519,20.5249386005312,19.6419446419213
ESP,2012,46.7069702148438,87.6109008789063,59.9311415973034,19.7432235541899,25.5662786168693
ESP,2013,47.2120208740234,86.8063430786133,61.1796122231506,19.6841550054451,22.5919451531794
ESP,2014,49.0555801391602,91.5279922485352,62.9964733768862,19.4685012815324,21.789616696537
ESP,2015,49.5335311889649,90.658447265625,63.5372954174432,19.3238774840103,20.5380307353642
ESP,2016,49.2650260925293,91.1598663330078,63.0778471909992,18.8819952392998,19.6885254254105
ESP,2017,,,65.714525785827,18.4932252668438,18.7444429868672
ESP,2018,,,,18.4269289086347,
ESP,2019,,,,,
ESP,2020,,,,,
EST,1965,,,,,
EST,1966,,,,,
EST,1967,,,,,
EST,1968,,,,,
EST,1969,,,,,
EST,1970,,,,,
EST,1971,,,,,
EST,1972,,,,,
EST,1973,,,,,
EST,1974,,,,,
EST,1975,,,,,
EST,1976,,,,,
EST,1977,,,,,
EST,1978,,,,,
EST,1979,,,,,
EST,1980,,,,,
EST,1981,,,,,
EST,1982,,,,,
EST,1983,,,,,
EST,1984,,,,,
EST,1985,,,,,
EST,1986,,,,,
EST,1987,,,,,
EST,1988,,,,,
EST,1989,,,,,
EST,1990,,,,,
EST,1991,73.7013854980469,70.2848510742188,,,
EST,1992,73.8405075073242,82.604606628418,,,
EST,1993,77.9852676391602,83.4124374389648,,,
EST,1994,78.1924896240234,83.588005065918,,,
EST,1995,77.6097946166992,92.2500686645508,143.199538241939,25.8687159920966,36.9531652899145
EST,1996,81.5369720458985,93.9932250976562,134.095635423038,22.8420464311381,35.0589340297403
EST,1997,86.2178421020508,94.0112686157227,153.680464299774,20.6423578878423,33.5278668968157
EST,1998,87.2821426391602,94.5885848999023,158.42896511035,20.347667594962,35.1697920837072
EST,1999,85.1555480957031,93.0892028808594,144.871763313331,21.5761529555473,36.5534246120988
EST,2000,83.4840087890625,92.8080062866211,126.513531193199,19.1134628646266,32.7738603313031
EST,2001,84.7251663208008,92.6499633789063,126.650968812222,18.272602730183,30.8527328993596
EST,2002,83.5339813232422,92.7366943359375,124.091364253749,17.942441376343,30.5125862360039
EST,2003,83.485221862793,92.459587097168,123.278054748719,17.6735070940671,30.530920758671
EST,2004,81.7344207763672,97.0190048217773,130.912750625614,17.2969976174478,30.5871952418591
EST,2005,82.256721496582,93.4392700195312,136.916600732803,16.7575507430297,29.9876696541334
EST,2006,83.8127517700195,90.3400573730469,137.121408242474,15.7585794188462,29.4837067705697
EST,2007,81.7590179443359,90.4333267211914,135.265677640421,16.0028008178773,29.3794366336222
EST,2008,81.6726837158203,90.5323944091797,137.522953096137,18.6496702427337,34.3543442340891
EST,2009,80.3786239624023,91.3387985229492,116.649645201599,21.0763340991214,40.5736964447884
EST,2010,84.2311782836914,91.8583908081055,143.800151545203,20.1224791184005,37.8676143500129
EST,2011,86.8474960327148,90.8304824829102,167.349949217147,18.60301130446,34.5177970012756
EST,2012,87.7593688964844,89.7447662353516,170.428334269953,18.3979248093951,33.9009562940057
EST,2013,86.7571334838867,88.9504013061523,165.79450131349,18.8466044949256,34.0117554899377
EST,2014,86.3055419921875,92.8843154907227,160.048872879047,19.0960941958586,33.8265116775713
EST,2015,85.3417358398438,91.7721633911133,150.682554425408,20.0196273400774,36.0918885527494
EST,2016,85.5482482910156,92.0130004882813,151.127621098361,20.2747286369116,36.4116063542575
EST,2017,,,148.533478839037,19.8597296451412,35.244805751707
EST,2018,,,,19.6806352643668,
EST,2019,,,,,
EST,2020,,,,,
FIN,1965,,,40.0569308252083,13.9624060904013,
FIN,1966,,,39.3287643183973,14.6349519570047,
FIN,1967,,,38.3132564956308,15.2060795884944,
FIN,1968,,,41.5364907443325,15.6099802937017,
FIN,1969,,,44.9820990066287,14.8035491569468,
FIN,1970,35.1467666625977,72.9657669067383,49.3846910419816,14.2982840409612,
FIN,1971,33.4151382446289,72.9657669067383,47.4072297388356,14.9895775823674,
FIN,1972,33.4151382446289,72.9657669067383,47.7548605987513,15.1159447947054,20.6427731143144
FIN,1973,33.9963035583496,72.2938537597656,48.4717251472445,14.8233086041368,19.8575406442366
FIN,1974,38.9935150146484,74.6455459594727,55.173929890715,15.0538597794785,21.0734921326772
FIN,1975,36.1232795715332,74.6464157104492,50.2952150476094,16.9334848466183,24.6914244976204
FIN,1976,35.9963035583496,77.058708190918,49.2315135968167,17.9132603585328,25.3649506693408
FIN,1977,39.1586303710938,77.4605102539063,52.3510959037745,18.3968282788807,26.1635138237315
FIN,1978,41.0669975280762,79.5049514770508,52.5868763215572,18.081787083622,26.1485413145252
FIN,1979,44.3207206726074,79.9067611694336,58.0703964693199,17.616828320636,25.9746346576792
FIN,1980,47.7777824401856,80.0264282226563,62.9000653167864,17.7275696217564,25.3560201822608
FIN,1981,47.6421203613281,81.3633117675781,61.5530004725154,18.3650968656481,25.8052394755668
FIN,1982,44.6825370788574,82.2203369140625,57.5377647031356,18.4772711353926,27.0343115621144
FIN,1983,43.8801383972168,82.7401428222656,57.3739275999163,18.8177442979703,28.0608832987698
FIN,1984,43.177791595459,83.6760635375977,56.5591237055591,18.9708026468279,26.9846395751193
FIN,1985,42.0824279785156,85.4065170288086,55.2697949729776,19.7272025392468,27.7936427913182
FIN,1986,35.502311706543,84.9692230224609,49.9458080969079,19.9521836149187,28.2284428311285
FIN,1987,36.1263198852539,84.0540542602539,49.4531446030317,20.3436111644109,28.7069590353044
FIN,1988,34.2186965942383,83.3828887939453,48.138207780702,19.6419730567788,27.5914622668885
FIN,1989,34.6286468505859,83.3261489868164,47.8534604149938,19.4509420568143,26.8682996766528
FIN,1990,32.8198928833008,82.780517578125,45.8158444127019,20.9042962311834,28.139553207744
FIN,1991,32.280445098877,83.7530670166016,43.4569122145305,23.9449414686875,34.4084933612008
FIN,1992,38.8168830871582,83.8870162963867,50.2003488426908,24.2940649601659,39.0941984865215
FIN,1993,46.2747116088867,85.3412780761719,58.1377991323413,23.334655035686,41.883595247483
FIN,1994,48.7934913635254,84.1556549072266,62.4151683412656,22.4341177507492,40.4223212293227
FIN,1995,49.5379028320313,88.891471862793,64.0691586509193,21.9367669142416,48.6251471244775
FIN,1996,50.8220062255859,90.6144866943359,65.7368214775622,22.2085048010974,44.9029982363316
FIN,1997,51.962287902832,93.7852783203125,68.2638299409417,21.3657461756579,40.333038342755
FIN,1998,48.3006210327149,95.9574203491211,67.018324998754,20.6309913442209,37.5687395125517
FIN,1999,46.9619674682617,96.7151641845703,66.2362219613466,20.3004971518165,36.4882645383421
FIN,2000,56.201789855957,97.7523040771484,74.994312385789,19.8053735111294,33.9444154967305
FIN,2001,55.0286560058594,96.6617279052734,70.2659290901916,19.9948766590278,33.292023511981
FIN,2002,49.9206352233887,96.6222229003906,69.2903721786512,20.6974219261038,34.3558861412512
FIN,2003,49.4566040039063,97.4327545166016,68.0376594158436,21.1659376257678,34.9299658901227
FIN,2004,51.4408073425293,96.3873596191406,70.9913741426201,21.2674394391615,34.6472989771386
FIN,2005,57.6643447875977,95.0821228027344,76.6277138703182,21.4980503324472,34.7405816761666
FIN,2006,59.689266204834,91.1098403930664,82.1827893450126,21.4026672228209,34.3297762638025
FIN,2007,60.3909187316895,91.2058563232422,83.1759422029756,20.8672769369292,32.7198473609742
FIN,2008,66.774528503418,91.0667266845703,86.5118656142398,21.675072659787,33.4596383271988
FIN,2009,57.212646484375,91.8647766113281,70.5312408509134,24.217114384988,38.3700953990797
FIN,2010,61.691650390625,92.8924789428711,76.089791555318,23.8909673971138,38.6114377338322
FIN,2011,64.3471832275391,91.6042404174805,79.1699048605926,23.6151958916843,38.1431307112852
FIN,2012,65.4543533325195,90.7791595458984,80.4057199201173,24.366219036703,39.1760472088612
FIN,2013,64.3032608032227,89.9707870483399,78.5136078844092,24.7425468923664,40.285140996764
FIN,2014,62.7511863708496,92.5746307373047,75.3744999367317,24.6800081762169,40.7759619221897
FIN,2015,62.0933227539063,92.5144119262695,73.181489102271,24.3584247828075,40.5025910684347
FIN,2016,60.8987159729004,92.7447128295898,72.7698509300098,23.85582650308,39.78562800535
FIN,2017,,,76.7356582638058,22.9735885458069,38.197018551434
FIN,2018,,,,22.9219805597684,
FIN,2019,,,,,
FIN,2020,,,,,
FRA,1965,,,25.8033546001833,16.8462113655836,
FRA,1966,,,26.537151928557,16.6655263079164,
FRA,1967,,,26.2489789174584,16.6271197427574,
FRA,1968,,,26.6357421629424,17.3454141540638,
FRA,1969,,,28.8136286937171,17.1260255388497,
FRA,1970,23.5141944885254,77.5608749389649,31.4189565466435,16.9978838167672,
FRA,1971,23.316520690918,77.7288513183594,32.0089591417485,17.360477060032,
FRA,1972,23.5023326873779,77.8968353271484,32.470428853515,17.4033625796392,30.0052383323359
FRA,1973,24.4669857025147,78.5687408447266,34.4059723112064,17.6004902643528,29.3440683336724
FRA,1974,29.5116424560547,79.4068832397461,42.3557676233599,18.0271962630214,31.098967488715
FRA,1975,27.4202461242676,80.0770492553711,36.691736336041,19.5772354966169,33.5693413289656
FRA,1976,29.3965225219727,80.6797561645508,39.5998708787581,19.877701641894,33.7654676272315
FRA,1977,30.6176853179932,81.3153915405274,40.6359698442343,20.1625125893477,34.1313040251288
FRA,1978,30.0953578948975,81.918098449707,39.4383488949127,20.5478823343803,35.0932508162363
FRA,1979,31.4434986114502,81.9839553833008,41.0336254739961,20.4593053916275,35.496529163639
FRA,1980,34.385856628418,82.0578842163086,43.5026672864511,21.046107532594,36.4646629981508
FRA,1981,37.8203468322754,82.4412384033203,45.4109434591213,21.7529927350804,38.8726535124617
FRA,1982,35.7485885620117,82.5051422119141,45.2523852836828,22.2014406413772,39.9314657028888
FRA,1983,34.3392105102539,82.6495361328125,45.1398283198465,22.3551602430086,40.6695071749333
FRA,1984,36.4626808166504,82.9946975708008,47.5418299082076,22.5305856894333,41.0689282112635
FRA,1985,35.583065032959,83.5360717773438,47.0163879903232,22.5840681334954,41.3491518716257
FRA,1986,29.8518962860107,83.4811553955078,40.8879984679522,22.3060265456742,40.7717971796353
FRA,1987,29.0306873321533,83.4735107421875,40.2927394586107,22.1460005630953,40.609253173611
FRA,1988,29.021821975708,83.7626113891602,41.3922169441697,21.6972271309912,39.7261494705704
FRA,1989,31.4521999359131,84.2681121826172,44.0017811278671,21.1371538659802,38.7910440693515
FRA,1990,31.6797790527344,83.9842529296875,42.7360551888574,21.168890584749,38.9491317605437
FRA,1991,32.6111755371094,84.2488098144531,42.983681489047,21.655025854054,40.189270142508
FRA,1992,32.3652458190918,85.2456588745117,41.991612606025,22.2592205187876,41.5338830746026
FRA,1993,32.4276466369629,86.3131942749024,39.9051237217838,23.4090318084193,43.7464405279913
FRA,1994,31.4837455749512,86.6315002441406,41.8262397371907,23.1862574341006,43.902513653596
FRA,1995,31.421573638916,86.9044189453125,43.6461285770923,23.1766607320363,47.0999201328438
FRA,1996,32.1778564453125,88.7074127197266,44.3292399538117,23.4696941384658,47.1372999027363
FRA,1997,35.3006401062012,91.3822784423828,48.0334968830664,23.4009423125566,47.3823551935098
FRA,1998,36.0083961486816,93.4038848876953,49.5067667927119,22.6152011693207,45.586529585116
FRA,1999,40.6943473815918,94.5409774780273,49.7609206002288,22.6309940264054,45.3891466018177
FRA,2000,44.9201011657715,95.7638854980469,55.8612457180345,22.3258723712198,44.1329000361832
FRA,2001,44.8251609802246,93.2482604980469,54.9593680925757,22.1418541151996,44.374324535171
FRA,2002,42.6169929504395,94.8736572265625,53.0720247583335,22.7211494436744,45.3714512079072
FRA,2003,39.324764251709,95.2396240234375,50.7978335232353,23.143427286765,45.6356507095874
FRA,2004,39.4788780212402,93.1836624145508,51.9250078784333,23.0446960978721,45.0159798687691
FRA,2005,41.8263931274414,92.1362228393555,53.9807067764121,23.0670392801425,45.1413507521639
FRA,2006,42.3441581726074,89.9331817626953,56.1034244496256,22.7591793094828,44.7043320594475
FRA,2007,42.5086784362793,90.3950805664063,56.420756583014,22.4331396546751,44.1951595788519
FRA,2008,44.0893211364746,89.9369430541992,57.3970828857949,22.5625633664261,44.6826820184904
FRA,2009,38.7571716308594,90.3835906982422,50.462450850073,24.0808047006283,48.0210057518454
FRA,2010,43.1267433166504,90.3222122192383,54.8677910818934,23.9892566941431,49.3240362674279
FRA,2011,46.8121376037598,88.4429397583008,58.7905764224005,23.744527827615,47.5857458016517
FRA,2012,47.9331817626953,88.1064147949219,59.7020591687875,23.9504999032939,48.0719239335045
FRA,2013,48.2973442077637,86.7676086425781,59.764055074913,24.1116877142286,48.119369598085
FRA,2014,49.6081771850586,93.0757827758789,60.4787965196196,24.1258928301466,48.2894176805372
FRA,2015,51.1687660217285,90.5964202880859,61.7516939345861,23.8078776145908,47.9919779188076
FRA,2016,50.5772438049316,90.2824554443359,61.1288953265056,23.7323807174966,47.7698915326734
FRA,2017,,,62.8660320591001,23.6844914496901,47.5116369354567
FRA,2018,,,,23.4102393023641,
FRA,2019,,,,,
FRA,2020,,,,,
GBR,1965,,,37.9056130476123,17.2934547032011,
GBR,1966,,,37.6527939698256,17.7038115039303,
GBR,1967,,,37.9907331660299,18.5875212516279,
GBR,1968,,,42.1957976971383,18.2444134883346,
GBR,1969,,,42.555612002484,17.7118738077004,
GBR,1970,39.3058319091797,75.8436737060547,41.9020164918918,17.3954702392977,
GBR,1971,38.9458312988281,75.8436737060547,41.5541074597437,17.7310622740716,
GBR,1972,37.9104843139648,75.8436737060547,40.5230957768831,18.0812750168983,29.5118582302289
GBR,1973,41.0725746154785,79.5374374389649,46.2486878133191,17.9011583581444,28.8380792426903
GBR,1974,49.792106628418,80.0404968261719,57.2682033952122,19.7543924565959,33.2535749520883
GBR,1975,44.8511772155762,81.0457382202148,51.4211765836338,21.9875754525322,36.489009279426
GBR,1976,48.0132713317871,81.7496948242188,55.9612898416377,21.7346041714948,36.4449594438007
GBR,1977,47.7683868408203,82.7558135986328,57.4230823652663,20.3699853463823,34.5281667727562
GBR,1978,42.9307136535645,82.9567184448242,53.5742485570583,19.8687443695301,34.4890187996323
GBR,1979,41.7446632385254,83.6260070800781,53.2634327256589,19.4708710858543,33.9799221391943
GBR,1980,39.0726928710938,83.8018493652344,49.9884744361304,20.8823260262364,35.5598793897086
GBR,1981,38.0863227844238,83.1691284179688,48.1146897077132,21.3151038519427,37.4844380028615
GBR,1982,37.2725982666016,83.196891784668,48.3365859830266,21.1873453092458,37.6715488409641
GBR,1983,36.6279754638672,83.6175994873047,49.5108999972136,20.9659315296237,36.8816195615493
GBR,1984,39.1008491516113,84.8602981567383,53.9941984343385,20.6737558294374,36.8195626985179
GBR,1985,38.4561042785645,85.3490447998047,53.5420482569226,19.9025717703036,35.9327582091588
GBR,1986,34.9372787475586,84.3104782104492,49.2412827343162,19.8755975345531,34.9778582587354
GBR,1987,33.535774230957,84.8805541992188,48.6263338852763,19.1822631561633,33.1374118627526
GBR,1988,31.102596282959,85.7404937744141,46.1693200904487,18.4179542713971,30.9724412757416
GBR,1989,31.6960220336914,85.3064117431641,47.4544955446663,18.0031202163414,29.6546233795577
GBR,1990,30.8850746154785,85.3026351928711,47.0283292592009,18.2014607916865,32.583043271347
GBR,1991,28.9818305969238,86.4518890380859,44.1609541087032,19.0406466697327,34.7840781769414
GBR,1992,30.594217300415,87.4299392700195,45.1278209976643,19.5097550470863,37.6406266271925
GBR,1993,33.9544486999512,88.1690826416016,48.4802570457262,18.8318870225254,37.368983262073
GBR,1994,35.4227447509766,88.1435852050781,50.5617218154687,18.4863868297736,37.079774985373
GBR,1995,34.4828834533691,88.3747863769531,50.0457377607171,16.8328340436792,35.2142141621857
GBR,1996,36.0858459472656,89.9542236328125,51.3052183263217,16.4007916478495,33.999902593665
GBR,1997,36.2154998779297,92.7975692749023,50.183547287286,15.8697006068794,32.8542087964314
GBR,1998,35.7744865417481,94.2550659179688,48.2615054789439,15.8313139730317,32.2161781529764
GBR,1999,37.4608840942383,95.5681457519531,48.7641837668355,16.2908109135554,32.0131347475363
GBR,2000,40.3154983520508,96.9750671386719,51.5308994051221,16.4643578089873,32.437868399335
GBR,2001,40.8167152404785,95.3220825195313,51.7804845787212,17.1438487820988,32.9097617144026
GBR,2002,40.1000709533691,96.0393676757813,50.34232236783,17.8709098225124,34.0292453819077
GBR,2003,40.6249313354492,97.1088562011719,49.4715730742953,18.5426014520944,35.3498470659753
GBR,2004,40.954719543457,94.111572265625,49.511369820875,19.1804267648954,35.9492373104702
GBR,2005,43.0870819091797,93.4060363769531,51.9389982299302,19.3653587066959,36.4475180251636
GBR,2006,45.9632835388184,89.8294906616211,55.8255064283689,19.4754492455839,36.5293177852271
GBR,2007,44.3047409057617,89.8542633056641,52.2020871229008,19.2462642123414,36.6801345752873
GBR,2008,48.32958984375,89.8854293823242,56.4678940798122,20.0161919640257,39.5523219453651
GBR,2009,48.2406311035156,91.3710479736328,54.4446812628143,21.5411917541681,41.963215247334
GBR,2010,50.9019393920899,92.3791732788086,58.5384505872882,21.2461243264423,42.66869337674
GBR,2011,54.4262008666992,91.3362808227539,62.0101231586103,20.5724254596709,41.3970177787669
GBR,2012,54.1530227661133,89.4482116699219,61.0876779446854,20.3626380046942,42.0632583360531
GBR,2013,54.5851745605469,88.3821105957031,61.0946054354991,19.6773832754136,39.776091820635
GBR,2014,51.2648506164551,91.5132141113281,58.0307922539507,19.3624664167067,38.9653499033506
GBR,2015,50.3822708129883,91.1739501953125,56.2391637686534,19.0431782445661,38.1103564173962
GBR,2016,52.454776763916,91.6719589233398,58.1261766802537,18.6833976128242,37.0848997016538
GBR,2017,,,61.426287391523,18.306678916038,36.4197618203099
GBR,2018,,,,18.2314125920092,
GBR,2019,,,,,
GBR,2020,,,,,
GRC,1965,,,27.9983929303089,10.1893351993692,
GRC,1966,,,28.6438713248247,10.2649663072927,
GRC,1967,,,27.3931715597711,11.3131684982326,
GRC,1968,,,26.7293939874267,11.2013720405839,
GRC,1969,,,27.1472143795091,11.0476816881337,
GRC,1970,20.1190795898438,44.8337593078613,23.1099432945152,12.6364439782864,
GRC,1971,19.7237300872803,44.8337593078613,23.3191999373868,12.4319422276511,
GRC,1972,19.1307048797607,44.8337593078613,25.317664166809,11.9725388488756,16.0942847416493
GRC,1973,21.0837306976318,44.1636009216309,31.7303507050904,11.0679008337523,15.8096927944384
GRC,1974,23.617919921875,44.4986801147461,35.4769068062614,13.6317750175051,18.1995351264065
GRC,1975,24.7802467346191,57.7645606994629,35.3229907141739,14.854587326545,17.9048185725493
GRC,1976,25.37327003479,59.3057861328125,34.8786922444993,14.5726332123053,19.3635398503985
GRC,1977,25.2109432220459,59.3057861328125,34.6615836934354,15.4327740027312,20.3091167169201
GRC,1978,24.6532688140869,58.8365287780762,33.1365956643507,15.2239120031966,20.1528654750819
GRC,1979,26.0723381042481,58.1663665771484,35.5322117114342,15.642662256849,19.9763843287077
GRC,1980,28.9738597869873,59.4126396179199,44.5858238010235,15.6260672064044,21.3979220390086
GRC,1981,29.5180320739746,66.3110656738281,47.1403354745787,17.1766230234589,24.177432435252
GRC,1982,26.5677680969238,68.944938659668,41.8515323822009,17.4033210612377,33.6967352089635
GRC,1983,25.1145210266113,70.3487014770508,41.1755423934634,17.9941935360773,27.3790118934817
GRC,1984,25.0072708129883,71.6308135986328,40.8984853797075,18.5488115277785,31.2459933321837
GRC,1985,25.8910007476807,73.4085006713867,40.3879757055887,19.2810046258419,31.5790577462698
GRC,1986,23.0235214233398,74.5860290527344,42.6520449558576,18.2792731583659,31.3980404717653
GRC,1987,23.931432723999,74.8141708374024,42.3183569569429,18.6216600185709,34.3387546989034
GRC,1988,21.4588069915771,75.0116577148438,39.6132347161484,16.3805405177118,34.1257651498907
GRC,1989,23.336784362793,75.3993911743164,40.7838553083406,17.3947200768986,38.2718822527603
GRC,1990,23.6025257110596,75.8308792114258,40.1283071274251,17.4830474462891,42.2902887619839
GRC,1991,24.5041751861572,76.4988784790039,38.5927873229398,16.4900859451311,
GRC,1992,25.5294437408447,77.6045837402344,38.8225929412009,15.948418245276,
GRC,1993,27.6341819763184,78.8168182373047,37.0258986062577,16.599062686238,
GRC,1994,27.5905685424805,79.369987487793,36.1631218934692,15.9849004781327,
GRC,1995,25.1822872161865,80.4839248657227,37.1078807984061,17.7926939066269,44.7672338731719
GRC,1996,25.2633647918701,83.5783386230469,37.4962334395069,17.6078259335143,44.16972306395
GRC,1997,25.8935470581055,88.7944183349609,39.2742287484754,17.6826813277793,42.814109105161
GRC,1998,34.2133178710938,90.7912750244141,42.2682802501338,17.4975182507515,43.1972669744609
GRC,1999,40.9311714172363,93.4521865844727,47.3775984365774,17.9800733018703,42.30401227478
GRC,2000,50.7567329406738,94.9866485595703,58.4156775406902,18.2600035865329,43.3438446723123
GRC,2001,49.5054588317871,92.0772094726563,56.1399692678095,18.714974645409,42.8703297530033
GRC,2002,44.6874580383301,92.9375305175781,50.3489962575686,19.2273132544016,42.4291421228844
GRC,2003,42.1945915222168,94.7400512695313,48.1900537175606,18.9588539701484,42.4370704853263
GRC,2004,44.5438423156738,90.8516311645508,49.8984415953514,19.1550228114664,43.8467020512412
GRC,2005,45.2902183532715,88.6614303588867,50.9008641205698,20.0202330717988,43.3718115491169
GRC,2006,45.4893341064453,86.2251510620117,52.8502386406672,20.155482659378,42.8473919339024
GRC,2007,47.5897598266602,85.6060180664063,57.5243742223839,20.5202834951824,44.4995299626488
GRC,2008,50.1217002868652,84.5486373901367,59.3297157210787,20.7211321163295,47.7419785338343
GRC,2009,42.5967407226563,85.3065643310547,47.7438465419344,23.3090126020452,51.7146623800752
GRC,2010,48.0792999267578,85.9394989013672,52.8290979327057,22.2041579265701,50.8685855106979
GRC,2011,51.6847038269043,84.7939376831055,57.8446200446513,21.7861700860044,54.2687583252306
GRC,2012,55.5434875488281,86.554817199707,61.8177666440886,21.7381930403526,55.7451995467296
GRC,2013,57.0174026489258,87.3358993530274,63.5191424472248,20.4388941442401,60.3965775040997
GRC,2014,59.2875747680664,90.9972839355469,67.1494536906228,20.2790768191976,49.0763057094027
GRC,2015,55.0445556640625,89.5860748291016,63.0551607750752,20.2970272500423,51.735783926449
GRC,2016,53.2711219787598,90.6234970092773,60.8405277004676,20.0586905009304,48.3630761170842
GRC,2017,,,67.0005550057431,19.8067237992089,47.3710683962264
GRC,2018,,,,19.1446837815855,
GRC,2019,,,,,
GRC,2020,,,,,
HUN,1965,,,,,
HUN,1966,,,,,
HUN,1967,,,,,
HUN,1968,,,,,
HUN,1969,,,,,
HUN,1970,54.786060333252,49.0585670471192,,,
HUN,1971,54.1930351257324,49.0585670471192,,,
HUN,1972,53.0069885253906,49.0585670471192,,,
HUN,1973,52.8093147277832,49.0585670471192,,,
HUN,1974,53.6000137329102,49.0585670471192,,,
HUN,1975,55.1814117431641,59.1372451782227,,,
HUN,1976,53.7976875305176,59.1372451782227,,,
HUN,1977,53.0069885253906,59.1372451782227,,,
HUN,1978,52.4139633178711,59.1372451782227,,,
HUN,1979,52.0186157226563,59.1372451782227,,,
HUN,1980,52.0050048828125,59.2275390625,,,
HUN,1981,52.3968734741211,59.0754623413086,,,
HUN,1982,53.767578125,59.8800354003906,,,
HUN,1983,54.922046661377,58.7887229919434,,,
HUN,1984,54.0963096618652,60.203182220459,,,
HUN,1985,52.9074897766113,60.3280487060547,,,
HUN,1986,51.7694702148438,59.5323028564453,,,
HUN,1987,50.8148880004883,59.4311408996582,,,
HUN,1988,51.2038230895996,60.2501678466797,,,
HUN,1989,49.4952621459961,60.4575805664063,,,
HUN,1990,46.8434028625488,59.810432434082,,,
HUN,1991,46.1720657348633,60.6753692626953,58.2710457850948,24.8818290588673,49.7626087093019
HUN,1992,46.3789405822754,62.0432434082031,55.35592533148,25.7123730893378,51.4610612567371
HUN,1993,42.8812026977539,63.4712638854981,53.4749030083565,27.6854824829246,50.4322446668654
HUN,1994,48.2696342468262,63.4238548278809,56.3703873526934,25.4356100408768,51.1384623287512
HUN,1995,58.8463478088379,60.9032402038574,78.2640717810733,22.8352434088984,50.9902524713257
HUN,1996,64.8687210083008,64.0686798095703,83.1866331651518,21.587122097072,46.7514191717922
HUN,1997,67.2742767333984,70.4928207397461,94.7509508060129,21.2006957766043,44.5874727380892
HUN,1998,69.1613464355469,74.6237106323242,107.209985089616,20.8316553452881,45.0143332296336
HUN,1999,70.2407836914063,76.0027694702148,113.726208050693,21.0729894493936,43.6792240374006
HUN,2000,74.4351959228516,78.4767608642578,136.990371738763,21.0167449259083,41.1390228997982
HUN,2001,74.1014709472656,78.5426712036133,130.697897819683,20.9426677269943,40.7535079466849
HUN,2002,71.0991134643555,77.0533676147461,117.95138503124,21.7362456118247,42.7515075851721
HUN,2003,71.4568862915039,76.1321487426758,116.428384300513,22.9241799353548,42.5507492116325
HUN,2004,70.3897552490234,92.5027694702148,122.982849289836,21.9643493257617,41.5645136552951
HUN,2005,71.8972091674805,91.7912673950195,127.353678299707,22.0907469365972,41.7914944583039
HUN,2006,74.36572265625,88.6009902954102,149.052826370595,22.0079748667568,42.9201362726578
HUN,2007,76.2504425048828,88.0779418945313,155.20008517063,20.7587600321399,42.4057174912951
HUN,2008,77.5371704101563,88.0056533813477,158.207962673611,21.3360224434914,44.2832200040965
HUN,2009,78.4049682617188,89.3746337890625,144.781390101437,22.0323226035857,45.0673962796188
HUN,2010,79.5665588378906,90.0646209716797,158.352697867102,21.5067263249681,43.9573857451491
HUN,2011,80.9032592773438,85.5616683959961,167.38804373993,20.6556679262113,45.2933371555168
HUN,2012,80.6034164428711,84.4101104736328,166.125856222689,19.9990660525962,44.0061597444764
HUN,2013,80.810302734375,84.6493682861328,164.348415700949,19.6801929104293,46.0737510800217
HUN,2014,81.1318588256836,93.0757827758789,168.968519085042,19.9773479914204,44.473672865074
HUN,2015,81.2661972045899,88.9878616333008,169.838228404571,19.8455440033411,42.9044537627106
HUN,2016,81.0988922119141,89.7460784912109,169.444823906601,20.2138817223318,43.5725177598155
HUN,2017,,,168.934508474293,20.2458941916873,42.121959344927
HUN,2018,,,,19.0857482078796,
HUN,2019,,,,,
HUN,2020,,,,,
IRL,1965,,,73.8007775559928,14.3362796476401,
IRL,1966,,,75.4163262318285,14.3145051839303,
IRL,1967,,,73.8273013291116,14.0810578173681,
IRL,1968,,,78.8544792144789,14.1309571951243,
IRL,1969,,,78.468157150235,14.2639306877738,
IRL,1970,64.9732284545899,50.6665649414063,74.3369935197931,16.3126961818802,
IRL,1971,64.9732284545899,50.6665649414063,72.1174736836888,16.9791608080429,
IRL,1972,64.4157943725586,50.6665649414063,67.5482830247531,17.0737035941801,28.6248353708705
IRL,1973,68.6816101074219,65.4477462768555,75.1456575822427,17.4344013125147,28.6188050367311
IRL,1974,74.2481231689453,65.9508056640625,90.5682170344591,19.1289345625564,31.4926873715761
IRL,1975,71.7613754272461,66.9560470581055,82.9473471491169,20.7158247332606,34.7823967181167
IRL,1976,74.6671905517578,66.9898529052734,91.1292982124886,20.0915720370749,35.2745934998474
IRL,1977,77.3634719848633,69.0012054443359,97.8826363341295,18.9990131225942,34.0611593477185
IRL,1978,77.1658020019531,73.5581588745117,99.592913347979,19.0518995313123,35.314377121582
IRL,1979,78.3162689208984,73.2222061157227,105.173196349817,20.1359521979491,36.8794414271474
IRL,1980,78.0420913696289,72.3723449707031,102.180740688899,22.1333915956508,40.241753682045
IRL,1981,78.6549987792969,70.5172958374024,100.853808248425,22.1626987580865,42.12176743125
IRL,1982,77.3126449584961,71.9201278686523,93.8572548511366,22.0236131331837,45.5233822404439
IRL,1983,79.4721527099609,74.2878875732422,97.6195665127078,21.5328530843832,46.444909457783
IRL,1984,82.2653884887695,74.5792465209961,108.175913257647,20.8178177174254,44.9717642133871
IRL,1985,82.5466842651367,75.1036071777344,107.632470032987,20.6658409742693,45.8098063947651
IRL,1986,80.2138748168945,76.267692565918,97.0093074231768,20.9010932636621,44.9808301620587
IRL,1987,80.8239898681641,76.864387512207,100.623709695207,19.7214508270206,44.6607683438826
IRL,1988,81.3732833862305,77.7665328979492,105.092571526667,17.9754181777016,41.0269738780571
IRL,1989,82.7157669067383,79.1941986083984,112.330807646764,16.6932912161575,35.127623966305
IRL,1990,81.411849975586,80.3628005981445,104.903811556769,17.1790207930785,35.6993025672473
IRL,1991,81.9419097900391,81.4742431640625,106.312910607508,18.172591710023,37.0804706792915
IRL,1992,81.8467788696289,83.3183670043945,109.414432419179,18.56914285618,37.5372441513383
IRL,1993,84.0085983276367,85.2296447753906,116.463226854307,18.363277147196,37.5847550531044
IRL,1994,85.6147613525391,86.3424835205078,126.337621433386,18.184325029852,37.0713352348447
IRL,1995,86.7242736816406,88.6107940673828,135.940345452529,17.2366574880452,37.1571057467864
IRL,1996,87.2075347900391,91.69482421875,138.703731903305,16.5882752618527,35.3100293494225
IRL,1997,87.5739364624024,92.1272659301758,142.321893795447,16.0996643349787,33.0802042705298
IRL,1998,88.1755981445313,95.0471649169922,157.977943670897,15.4972107675245,31.1310265865211
IRL,1999,87.4936904907227,94.3012924194336,160.144364533401,14.9442182778028,30.5375380508391
IRL,2000,89.0441665649414,96.8383407592773,175.139936863484,14.685112578611,27.6884009683633
IRL,2001,87.3778686523438,95.7190780639649,175.027333471634,15.3615184067519,28.980839876705
IRL,2002,85.1172943115235,93.9089584350586,163.770867603312,15.7892574085638,29.4521743929561
IRL,2003,84.0287780761719,94.6567840576172,146.550761246775,16.0375284754033,29.6973742699586
IRL,2004,82.9024353027344,94.124267578125,146.69765916129,16.1408681873551,29.7073224956077
IRL,2005,82.5757141113281,93.3166427612305,148.277920031908,16.0313929357213,30.4135235983446
IRL,2006,81.4849700927734,89.3482437133789,149.957458397069,16.2260053762254,30.6152751164564
IRL,2007,80.7220916748047,89.6607971191406,153.2939161693,16.8734299082424,31.8724882217819
IRL,2008,81.6158752441406,89.7824096679688,159.635387747843,18.7913117694176,36.9346377434463
IRL,2009,81.8076705932617,90.3190994262695,173.001741948266,20.1366731626481,43.84888258062
IRL,2010,83.6532821655274,91.0818862915039,189.434249896267,18.7884270431786,62.1867829679252
IRL,2011,84.233268737793,89.5268402099609,188.410354419409,18.3377489109214,43.9108302013522
IRL,2012,84.208869934082,87.9183044433594,191.427123427992,17.6793591230803,39.4340463172789
IRL,2013,84.0013122558594,87.9170989990234,188.247959482605,16.9471290545049,37.8375846436318
IRL,2014,84.1923370361328,91.0563888549805,201.499423567987,16.0486861565592,34.8407841089824
IRL,2015,81.1993713378906,91.2773361206055,215.437678678111,12.2501386837537,27.0179266272061
IRL,2016,80.9623413085938,89.6478805541992,224.755320750824,12.3142502881106,25.5673236895599
IRL,2017,,,209.385440579558,11.9833681052992,24.1558434755719
IRL,2018,,,,11.9003042533668,
IRL,2019,,,,,
IRL,2020,,,,,
ITA,1965,,,26.4162308524716,16.8669088689744,
ITA,1966,,,27.7056058298763,16.5826603785385,
ITA,1967,,,27.9617832066279,16.0696197319831,
ITA,1968,,,28.5140999078899,16.1588881480994,
ITA,1969,,,30.3906037756984,15.8670473067739,
ITA,1970,19.9307117462158,73.0812606811524,30.1912584220186,15.0790480477425,
ITA,1971,19.5353622436523,73.2492370605469,30.4894422046465,16.4840265322025,
ITA,1972,19.9069900512695,73.4172210693359,31.9205398429225,17.0672260129204,
ITA,1973,20.4528045654297,74.0891265869141,34.1691483393825,16.3842707775403,26.7081687765523
ITA,1974,26.2762966156006,74.9272689819336,40.9279674122288,15.5672314676495,26.6690421999892
ITA,1975,24.9400177001953,74.2571105957031,37.5152662444838,16.0128125138234,31.1328725487786
ITA,1976,26.0667629241943,73.8545761108399,41.3185519551361,15.4308549139157,30.1091725752853
ITA,1977,27.7186222076416,76.1656188964844,41.937956135554,15.7297582877805,30.2614316976024
ITA,1978,26.9397850036621,77.1034088134766,41.3949819522803,16.3124973653057,33.9999215964369
ITA,1979,28.0902500152588,77.1692657470703,43.8446589686697,16.3913034022875,35.848998894216
ITA,1980,28.0266704559326,77.9886245727539,43.1044474142936,16.5987984699549,38.6984828231369
ITA,1981,31.0821418762207,78.4791564941406,45.4209512581164,17.9205731834214,
ITA,1982,29.7587718963623,78.6520690917969,43.6417915602755,17.9945583030615,
ITA,1983,27.7969074249268,78.9108505249024,40.313096532106,18.3930903019303,
ITA,1984,28.4709072113037,79.3770217895508,42.5659193832669,18.188788102554,
ITA,1985,29.0187168121338,80.0347366333008,42.7680261645398,18.3375239053067,
ITA,1986,22.3712310791016,80.101448059082,36.274427598017,18.0312436969081,46.2994673889749
ITA,1987,21.3884410858154,80.1904144287109,35.6718027051722,18.7615672343064,47.1463549986847
ITA,1988,20.387378692627,80.2619018554688,35.2188914358889,19.158398999084,42.5603921446283
ITA,1989,21.7865695953369,80.8428497314453,37.1665167474519,18.9674551772478,43.453942146348
ITA,1990,22.6852874755859,80.9080276489258,36.4332635799018,19.661183800693,43.3860807609824
ITA,1991,20.0888328552246,81.2164993286133,33.9824506258543,19.7498316109978,44.2258117395115
ITA,1992,22.1452732086182,82.2598495483399,35.0208955815969,19.5883352819353,47.2354134868047
ITA,1993,26.1354427337647,83.087272644043,37.8752992301677,19.4398975925591,48.288710472263
ITA,1994,27.2767639160156,83.2037582397461,40.5793871066172,18.7473881114544,46.0289567203798
ITA,1995,29.8143043518066,83.5745620727539,45.8249854769126,17.486487589537,47.2585629361876
ITA,1996,28.8773899078369,86.0255737304688,42.9828399542971,17.7199229440186,46.4271491376836
ITA,1997,30.8908309936523,89.2910766601563,44.6817471307566,17.808192028915,44.371746627944
ITA,1998,31.2357444763184,91.5194854736328,45.2099802774021,17.6633279010691,40.7257775102499
ITA,1999,30.8586616516113,93.0310363769531,44.7251705646909,17.6768284430755,39.7010362817213
ITA,2000,36.6774215698242,94.8038558959961,50.4745186728631,17.8826778392989,38.5273931841768
ITA,2001,36.8378829956055,92.7470321655274,50.208223912999,18.4134886844169,39.4853237017263
ITA,2002,36.0307197570801,92.8387069702148,48.1984169644958,18.5595241828208,38.6204666359834
ITA,2003,33.1889801025391,92.7875518798828,46.2686386863224,18.9785847455141,38.584547054252
ITA,2004,34.3510131835938,91.773193359375,47.5436435914844,19.1563204437673,37.8829142727854
ITA,2005,36.5916442871094,89.5301284790039,49.4138148269597,19.5751499185588,38.264163431451
ITA,2006,39.6232986450195,85.0112991333008,53.292274830165,19.4316544281613,38.6826147610931
ITA,2007,40.9560661315918,84.1770401000977,55.2136471865318,18.9390108097241,38.2253856169063
ITA,2008,40.593376159668,83.7728881835938,54.7180076742909,19.4303737130172,39.2080805278532
ITA,2009,32.277458190918,84.5283432006836,45.6091167384025,20.6267071012424,42.9697580543898
ITA,2010,38.5329360961914,85.1611251831055,52.3455973754055,20.4203826141802,41.5326256010775
ITA,2011,40.9708976745605,82.9724502563477,55.582987559596,19.5984898344872,40.9116444714564
ITA,2012,42.0839157104492,81.2960739135742,56.1848797314762,19.5533901745838,42.1851958605685
ITA,2013,41.4617767333984,81.0070037841797,55.4665897544128,19.6569971901393,42.4327173061483
ITA,2014,41.7813148498535,90.4961318969727,55.7597689815536,19.3183959425517,42.3683238263608
ITA,2015,42.5962905883789,90.967887878418,56.9313063356168,18.8728742472998,42.3525926686357
ITA,2016,41.9267997741699,90.9402465820312,56.0487258570452,18.7381052701346,41.9554344121045
ITA,2017,,,59.3611077857416,18.712890001427,41.483887606762
ITA,2018,,,,18.8222812818462,
ITA,2019,,,,,
ITA,2020,,,,,
LUX,1965,,,158.104811717028,11.1771114615201,
LUX,1966,,,150.086710694351,11.6814668807055,
LUX,1967,,,147.120048888798,12.36124344352,
LUX,1968,,,149.041617171524,12.3494241326742,
LUX,1969,,,152.254248582133,11.2703219601273,
LUX,1970,76.6902160644531,83.3232650756836,156.672474257827,10.7589782666791,
LUX,1971,76.6902160644531,83.4912414550781,163.791134703464,11.9983442304911,
LUX,1972,76.6902160644531,83.6592254638672,151.647905301309,12.0384038878171,22.2241409862677
LUX,1973,76.6902160644531,84.6662139892578,157.897912214941,11.5500584110337,21.2763576646404
LUX,1974,76.6902160644531,85.1692810058594,175.450583654262,11.738766649969,20.8543219385023
LUX,1975,76.6902160644531,85.1692810058594,171.450758019316,15.2945283853739,28.738942210806
LUX,1976,76.6902160644531,85.3701858520508,161.839062262069,15.0909271287223,29.2463191877232
LUX,1977,76.6902160644531,85.2022018432617,161.01933356343,16.2666687323716,31.8944410975891
LUX,1978,76.6902160644531,85.4031066894531,157.597772068005,16.0236948788752,30.7746428485737
LUX,1979,76.6902160644531,85.0671539306641,168.756184975624,16.3681493102711,31.6492028316245
LUX,1980,76.8157653808594,85.2191772460938,168.525203389274,17.0939805416656,32.1923829142088
LUX,1981,76.8497772216797,85.1905364990235,166.939500037453,17.8342115341113,33.9184855542153
LUX,1982,76.8500061035156,85.1680603027344,170.287794546544,16.8360664012912,34.4843166666892
LUX,1983,76.8921508789063,85.2198867797852,170.974699772782,16.1594936619307,34.3187510273802
LUX,1984,77.0371475219727,85.4652328491211,190.185735111569,15.7392273606422,32.3879642974026
LUX,1985,77.1907653808594,86.2248001098633,201.132542740992,16.1252692952772,30.9420588678956
LUX,1986,77.1843414306641,86.0684814453125,183.574500921306,15.762951161533,29.7183426921472
LUX,1987,77.2283477783203,85.9807205200195,182.467729990123,16.6699648972685,30.9370319434646
LUX,1988,77.1637115478516,86.1988143920899,183.929892860934,15.8507934909789,29.8001468866954
LUX,1989,77.1386947631836,86.344711303711,185.991468847137,15.441293286945,27.1181804393789
LUX,1990,77.2298355102539,86.6210250854492,182.86894856142,15.7943387550941,29.1513461588448
LUX,1991,77.4992141723633,86.8479309082031,183.690727697904,15.2941776473509,29.1984872174629
LUX,1992,77.6583099365234,88.7095718383789,177.769141680833,15.9102029917008,31.7432918405462
LUX,1993,77.8361892700195,89.4225234985352,176.667949910708,15.8144190630316,31.227836503298
LUX,1994,77.8666152954102,89.354248046875,180.950603784565,15.3664943893814,31.3801320187932
LUX,1995,78.116584777832,89.5421524047852,184.615134976502,15.9222102812165,37.0057366478974
LUX,1996,78.1160049438477,90.7072143554688,190.432181126353,16.1009379935367,36.6298406538217
LUX,1997,78.1557540893555,93.4734725952148,210.582263607924,16.2778756287768,37.3446045492523
LUX,1998,78.3079147338867,94.924186706543,232.890088784925,15.8099727191258,37.2363420751502
LUX,1999,78.7235107421875,95.8694534301758,239.216927815784,15.319810702526,35.2957740688679
LUX,2000,79.8413619995117,97.0894927978516,271.950966356649,14.838904740193,34.1266693065367
LUX,2001,81.4656524658203,96.798095703125,271.344448796917,15.8291788533097,35.5086722456841
LUX,2002,80.2324676513672,96.3291168212891,258.843148263393,16.2281446476909,36.6133764202345
LUX,2003,80.7048110961914,97.8028564453125,254.101052437033,16.7638468156343,38.4051918852259
LUX,2004,81.6146926879883,97.5910186767578,281.208393928219,17.0150939703086,39.3105001853196
LUX,2005,83.5107727050781,95.2047424316406,297.772974229331,17.1471683964325,38.7695764116061
LUX,2006,85.1137466430664,91.4355621337891,320.598261765662,15.8600876201198,36.3054733809851
LUX,2007,83.1444396972656,91.7466735839844,332.50484932692,15.217403992714,34.5984685764127
LUX,2008,83.5875091552734,92.0838851928711,343.561828330302,15.733976567342,36.4868679482197
LUX,2009,82.6127700805664,93.1474685668945,295.972806200216,17.4646898192169,41.1290360311654
LUX,2010,80.7462615966797,93.6689758300781,316.161400227568,17.0352979898457,39.927462948953
LUX,2011,79.7210845947266,92.1160583496094,323.449607347643,16.6911712886514,38.9036226545215
LUX,2012,79.6211242675781,90.7574768066406,341.862022195953,17.4078741896072,41.0392909246319
LUX,2013,76.0971374511719,91.0169982910156,349.241939063509,17.2966926998879,40.887361084707
LUX,2014,74.7663497924805,94.151969909668,392.804183547751,16.7407921716274,39.3599205981089
LUX,2015,75.6210021972656,92.761833190918,416.389235822583,16.820100327925,39.1678412434862
LUX,2016,73.2489547729492,92.7204208374024,413.515382278095,16.6702818459019,38.9206782023715
LUX,2017,,,412.868861072341,17.0378049647829,39.8033507683097
LUX,2018,,,,17.1220526257686,
LUX,2019,,,,,
LUX,2020,,,,,
LVA,1965,,,,,
LVA,1966,,,,,
LVA,1967,,,,,
LVA,1968,,,,,
LVA,1969,,,,,
LVA,1970,,,,,
LVA,1971,,,,,
LVA,1972,,,,,
LVA,1973,,,,,
LVA,1974,,,,,
LVA,1975,,,,,
LVA,1976,,,,,
LVA,1977,,,,,
LVA,1978,,,,,
LVA,1979,,,,,
LVA,1980,,,,,
LVA,1981,,,,,
LVA,1982,,,,,
LVA,1983,,,,,
LVA,1984,,,,,
LVA,1985,,,,,
LVA,1986,,,,,
LVA,1987,,,,,
LVA,1988,,,,,
LVA,1989,,,,,
LVA,1990,54.6886711120606,52.8812828063965,,,
LVA,1991,54.6335678100586,52.7570533752441,,,
LVA,1992,54.5994834899902,67.6355972290039,,,
LVA,1993,54.5594787597656,67.8996734619141,,,
LVA,1994,54.9102783203125,68.2157287597656,,,21.4500392290297
LVA,1995,54.4992828369141,76.0898361206055,73.87676271138,23.5203769386253,46.2296513206734
LVA,1996,70.5251388549805,76.7484664916992,89.9170971630313,21.923026031572,44.2990503980968
LVA,1997,70.0680236816406,77.4170837402344,88.471121538919,20.9826099659555,45.8470465137839
LVA,1998,70.5453796386719,77.7657623291016,90.4436508681137,22.7359508067549,47.8188835005675
LVA,1999,65.6468276977539,78.3687744140625,79.8714376546922,22.4826582093617,50.4151756135488
LVA,2000,62.0651779174805,78.8784866333008,81.752907834797,20.7236019050883,45.4939800934959
LVA,2001,63.0302124023438,83.7937316894531,86.493976769262,20.4607944434108,41.8604857086319
LVA,2002,61.9517936706543,85.3450469970703,83.2986584574345,20.5252201666061,41.6693585887128
LVA,2003,66.108283996582,84.3098373413086,84.7807482969911,21.0197776512509,39.4072734692632
LVA,2004,69.3032760620117,90.8664474487305,93.7133509981055,19.8233697767309,39.4370805660596
LVA,2005,71.6605453491211,87.8924407958984,100.833397562092,17.8457571364525,39.1942330242657
LVA,2006,70.6341857910156,85.0406188964844,100.618599561276,17.2086127499034,38.9538713431833
LVA,2007,68.4912872314453,86.6867523193359,95.9230193431634,17.6359096464755,36.0216557185921
LVA,2008,68.3741455078125,86.7309417724609,92.0013789855011,19.8359179729488,42.2494366306929
LVA,2009,67.2445449829102,86.9755020141602,86.8264215410616,19.0132914648976,52.0634888688174
LVA,2010,75.2227935791016,86.6972961425781,108.788986837409,18.3666231256635,55.4837067669487
LVA,2011,77.730583190918,87.1633987426758,120.611250854009,18.2135917375967,47.4893371881087
LVA,2012,78.4021987915039,87.1045455932617,127.065798888064,17.3590614071445,44.1879027972079
LVA,2013,77.0731887817383,86.5802917480469,124.158110025073,17.649864911763,43.6651687756475
LVA,2014,76.7707443237305,91.3069686889648,122.927193787256,17.5102314265508,44.2211505823852
LVA,2015,76.6797790527344,90.1842880249023,121.347425305683,17.920776877808,43.5845513342666
LVA,2016,76.5780029296875,91.8915786743164,118.803709544677,18.0304670376435,42.5989294302247
LVA,2017,,,122.098123127478,17.953112663252,42.6414095276985
LVA,2018,,,,17.7087708354898,
LVA,2019,,,,,
LVA,2020,,,,,
NLD,1965,,,85.7964651995363,18.3302366566649,
NLD,1966,,,84.208825838531,18.7757120425699,
NLD,1967,,,81.3597140757436,19.2304701018739,
NLD,1968,,,81.4302331657933,18.791285004606,
NLD,1969,,,84.629134512644,18.9213977601013,
NLD,1970,51.8760528564453,83.5412216186523,86.8838597104108,18.2693078049682,
NLD,1971,57.7751159667969,83.7091979980469,85.8073583005392,19.0606412946614,
NLD,1972,54.5186042785645,83.8771820068359,83.1176288695223,19.6522312058431,
NLD,1973,56.4479103088379,84.5490875244141,86.6041988145881,19.5589767814092,34.928239853556
NLD,1974,61.5630264282227,85.7223129272461,96.5305483989652,19.8231387460479,35.8493577766667
NLD,1975,60.878604888916,86.0573959350586,90.9131734451953,21.61431761616,40.7527668503657
NLD,1976,61.1913986206055,87.5986175537109,93.2535224794988,21.6458563085974,40.9883025564566
NLD,1977,59.819766998291,87.7657165527344,90.1319721732693,22.3655139094386,42.350178738813
NLD,1978,57.8904647827149,87.9666213989258,86.8741629874677,22.6852362168945,43.3754473663495
NLD,1979,60.3890724182129,87.6306686401367,95.0292982464702,23.2258180410254,44.7168384687097
NLD,1980,62.0499496459961,87.7243576049805,100.336084375055,23.0505970202643,45.5490999355766
NLD,1981,65.2607116699219,87.3330841064453,105.413679614773,23.0823848590255,46.7895019051058
NLD,1982,65.0708694458008,86.9532852172852,105.046947584215,23.5535578068279,49.4614971175914
NLD,1983,63.6313896179199,86.9723739624024,105.357361206823,23.4315138981077,50.233233364025
NLD,1984,67.4574737548828,87.1859436035156,111.113618401608,22.05726102514,49.2725170938083
NLD,1985,68.1831665039063,87.5998916625977,115.071794694469,22.358041657363,48.5710738080533
NLD,1986,61.2472343444824,87.4118194580078,97.6318050676264,22.279080262871,48.7595569926242
NLD,1987,59.2278137207031,87.2979888916016,96.1642263495258,23.1911218146013,50.0062334968991
NLD,1988,61.4346237182617,86.8838500976563,100.499777206114,22.6100120724565,47.8955546595321
NLD,1989,64.021728515625,87.0142364501953,106.583150189927,21.861429532389,46.2254619187741
NLD,1990,62.8776893615723,86.9794616699219,104.568224393955,21.6930481762565,45.3924263551973
NLD,1991,64.1272811889649,87.196533203125,105.650252515183,21.8899721564535,45.7305789605715
NLD,1992,63.4873580932617,88.143180847168,102.524165123584,22.4014270738892,46.2092440982812
NLD,1993,65.5794906616211,88.8443374633789,99.4528190257945,22.6659394235943,46.4848490587957
NLD,1994,68.2269058227539,88.7538833618164,103.483137227997,22.4874467407698,45.4977719912596
NLD,1995,67.8411483764648,88.9138031005859,108.37582720899,22.4259362094026,47.8226171077267
NLD,1996,69.0129928588867,89.7441864013672,109.128822984245,21.3745375408052,41.2152339499456
NLD,1997,72.9987640380859,92.1907424926758,114.882686095227,20.9911501547233,40.3692222649751
NLD,1998,72.0914688110352,93.4581451416016,113.344977717273,20.8275529742959,38.7633624570436
NLD,1999,72.5685729980469,94.4245452880859,115.136270062048,20.5939078670383,37.5919934963846
NLD,2000,75.7994689941406,95.1917343139649,126.451978636837,20.5549914050004,36.4773111920833
NLD,2001,74.611572265625,93.3769836425781,120.986540688405,20.9927347208128,36.9977235043507
NLD,2002,73.8570709228516,93.5237503051758,114.710384812164,22.1230920885905,37.2896034417734
NLD,2003,72.3489608764649,95.2675170898438,112.654760189551,22.9008794680291,38.204598194263
NLD,2004,77.5121231079102,94.4752960205078,119.148221453261,22.5074912240263,37.4041633445812
NLD,2005,79.0645599365234,92.5092620849609,124.553847168943,22.2796855230602,36.5534968405269
NLD,2006,80.2207336425781,89.89599609375,129.825866867399,23.1891074440677,37.4771189949123
NLD,2007,81.0367202758789,90.2016143798828,131.721888859901,23.2344913351745,36.910380024872
NLD,2008,81.7614593505859,89.7824096679688,134.658608211051,23.4937376197083,37.3265986606881
NLD,2009,80.8969573974609,90.3190994262695,118.98047090067,25.9976121963632,41.3686980068561
NLD,2010,82.8221588134766,91.3413467407227,131.522074134799,26.2433372393368,41.5654573700654
NLD,2011,83.730583190918,90.8304824829102,142.471773282141,25.7866808947058,41.0753137882308
NLD,2012,84.9449157714844,89.7447662353516,149.268415200791,26.0266231319854,41.2992406955339
NLD,2013,85.0009841918945,88.4337463378906,149.549331302435,25.7888784080259,41.4141291790759
NLD,2014,85.8321151733398,91.5723190307617,150.053755435106,25.6812496277324,40.9513669664661
NLD,2015,86.3508605957031,91.2566604614258,157.816576039698,24.978550973322,39.9438847085831
NLD,2016,85.8009948730469,91.7690963745117,148.858664731618,24.683448697442,38.9886452352482
NLD,2017,,,155.174968251729,24.3164631387287,37.7568936226709
NLD,2018,,,,24.2372800336934,
NLD,2019,,,,,
NLD,2020,,,,,
POL,1965,,,,,
POL,1966,,,,,
POL,1967,,,,,
POL,1968,,,,,
POL,1969,,,,,
POL,1970,36.3825798034668,37.4648590087891,,,
POL,1971,36.1849060058594,37.4648590087891,,,
POL,1972,34.8011817932129,37.4648590087891,,,
POL,1973,32.8244361877441,37.4648590087891,,,
POL,1974,33.6151313781738,37.4648590087891,,,
POL,1975,35.5918807983398,37.4648590087891,,,
POL,1976,35.3942070007324,37.4648590087891,,,
POL,1977,35.9872283935547,37.4648590087891,,,
POL,1978,35.9872283935547,47.5435371398926,,,
POL,1979,36.3825798034668,47.5435371398926,,,
POL,1980,36.4809265136719,47.8719139099121,,,
POL,1981,36.646842956543,47.8908805847168,,,
POL,1982,36.4492912292481,47.907283782959,,,
POL,1983,36.8077163696289,47.9942436218262,,,
POL,1984,36.1158180236816,48.0538635253906,,,
POL,1985,35.8081855773926,46.5039329528809,,,
POL,1986,35.0477447509766,47.0398902893066,,,
POL,1987,34.0664482116699,48.0178756713867,,,
POL,1988,32.9601135253906,49.5150413513184,,,
POL,1989,31.8244285583496,48.9306793212891,,,
POL,1990,28.7449741363525,49.6117515563965,,,
POL,1991,23.1643581390381,47.4419403076172,,,
POL,1992,27.6200160980225,50.119686126709,,,
POL,1993,24.3878345489502,51.202823638916,,,
POL,1994,26.9102783203125,49.8093872070313,,,35.9752872149702
POL,1995,31.5524559020996,52.1060066223145,43.6783943507513,18.875024297688,41.8694858754276
POL,1996,30.2542228698731,56.2051048278809,45.472484765288,18.502723648785,47.5957915046275
POL,1997,31.3000221252441,57.1656723022461,50.4738450924213,18.0854896760024,40.5039153382369
POL,1998,32.1565399169922,61.4961471557617,56.6605452514483,17.7052155691587,39.1220486082466
POL,1999,30.0160808563232,66.4858856201172,54.0215391059088,17.8821215915353,38.600477953681
POL,2000,36.5908889770508,70.8365859985352,60.7907024063226,18.0756163708747,38.2167344458217
POL,2001,33.0310401916504,68.4787063598633,58.0751947177794,18.6581860420988,39.7683768946144
POL,2002,35.1277160644531,69.9929885864258,60.9243329463853,18.6302302687579,39.5833795943342
POL,2003,40.1047821044922,75.5802612304688,69.4373056872318,18.9020368115565,40.5262846807655
POL,2004,45.1618728637695,86.2586288452149,71.2131669706836,18.2798142031291,37.8600778940735
POL,2005,44.2165985107422,83.3266143798828,70.2749609275615,18.2970070714046,36.9406078742574
POL,2006,49.3039817810059,80.1931076049805,77.7913937245753,18.4774318018665,36.6396715721464
POL,2007,52.5381050109863,81.24169921875,80.6620046227492,18.1093040194341,34.9884010255935
POL,2008,51.8485107421875,83.0229034423828,80.7544540767253,18.6031231605769,35.6475430167433
POL,2009,49.2438430786133,83.2456512451172,75.2259132726234,18.7078781059431,36.4761027482714
POL,2010,53.2946701049805,83.3468017578125,82.1083264489399,19.1196556004367,36.5906546608381
POL,2011,55.4492225646973,80.3892593383789,87.082722756353,18.0514212189755,34.722406600869
POL,2012,57.6300735473633,80.5690765380859,89.327462141553,17.9293308989367,34.8568360004296
POL,2013,59.0597305297852,82.4083633422852,90.6918664127781,18.1308411214953,35.4485951131484
POL,2014,60.7244377136231,88.9926681518555,93.6969246060578,18.1786530111658,34.8116808007301
POL,2015,60.7822761535645,88.9472045898438,96.0094604243733,18.038326256452,34.2582439557656
POL,2016,64.1108551025391,88.6722640991211,100.352692368863,17.8970421984276,34.8048371081375
POL,2017,,,104.55810702775,17.6785565275266,34.2073197092063
POL,2018,,,,17.7102121689941,
POL,2019,,,,,
POL,2020,,,,,
PRT,1965,,,48.3339531461499,10.6394321295921,
PRT,1966,,,48.2452358081908,10.7776698032673,
PRT,1967,,,47.0965716232516,11.6313116918033,
PRT,1968,,,45.4948659765489,11.6431977665895,
PRT,1969,,,44.0157768087661,11.5026409418056,
PRT,1970,35.0725746154785,67.0520477294922,43.2081224228401,12.1037003262629,
PRT,1971,35.0725746154785,67.0520477294922,44.6685975676484,11.8384094679936,
PRT,1972,35.4560623168945,67.0520477294922,46.2266886613462,11.7074118477793,
PRT,1973,35.4442024230957,68.7318267822266,47.2312838411103,11.2080619452821,
PRT,1974,38.7097854614258,68.7318267822266,53.9348988165142,12.345146860937,
PRT,1975,34.4914131164551,68.7318267822266,41.5280818336654,13.103326226502,23.7160525279206
PRT,1976,27.8488578796387,68.7318267822266,37.7099645940842,12.0216800089431,25.9281138443906
PRT,1977,29.6393222808838,69.0669097900391,40.5232575269443,12.2858104310453,
PRT,1978,29.4767608642578,71.077392578125,41.1254553440222,12.1928828198687,26.1556913054485
PRT,1979,36.1402473449707,73.4229583740234,50.7270687382793,12.1226291778884,25.9740697541521
PRT,1980,40.1649017333984,74.9567642211914,54.2286755222862,12.7247499135704,27.3653438065788
PRT,1981,41.7507171630859,74.8702850341797,55.569503533819,13.1710075076467,29.5783694700268
PRT,1982,39.0298614501953,75.1043090820313,55.7555212427823,13.0628554204115,29.0770524789206
PRT,1983,41.3894386291504,76.6148071289063,58.9204261697896,13.2466977827707,30.801053335716
PRT,1984,46.5124130249023,77.7559432983399,64.4040715109832,13.1512333431359,29.5091810949872
PRT,1985,44.5465888977051,77.9299621582031,61.5086617802629,13.5835958193132,33.5727792471548
PRT,1986,36.0967140197754,80.14990234375,54.0132510546644,13.441360741667,33.65844607344
PRT,1987,38.6967582702637,79.5190277099609,59.5684156598238,13.2713394976761,30.1286297345427
PRT,1988,39.2685165405273,78.2955093383789,63.1915685574034,13.7806781508314,29.7906100929101
PRT,1989,40.0935134887695,80.3388977050781,64.8608141001867,14.4975511176953,31.1507092524076
PRT,1990,40.7528190612793,80.6292343139648,65.0475085582684,15.282640844663,32.3191187760837
PRT,1991,35.9895401000977,81.4639587402344,60.3591287100343,16.9682663640513,34.7274843401023
PRT,1992,31.7242488861084,83.3332214355469,56.3003265260009,16.996940316472,35.8756230765596
PRT,1993,36.8864212036133,84.6709747314453,54.1685401539278,17.5866678848024,37.2376417476936
PRT,1994,36.758602142334,85.8343124389648,57.1702836526763,17.6442501052809,34.9670777146576
PRT,1995,38.2695655822754,88.4608993530273,59.9070322422103,17.5637193482463,36.7812227501906
PRT,1996,37.5989608764648,89.6486663818359,60.2082250457434,17.7865107598111,36.8099054154779
PRT,1997,38.8117256164551,92.1216583251953,62.2873146579535,17.7404081430719,35.8463705344108
PRT,1998,41.1415023803711,93.5859375,63.8106832010488,17.970338462944,37.2544987847218
PRT,1999,38.6893310546875,94.84228515625,63.2931829068912,18.1672939013673,37.093935321061
PRT,2000,44.3094940185547,95.5810928344727,67.4233901255275,19.022405135728,37.2494273887616
PRT,2001,40.7485771179199,95.8876724243164,65.0640677962159,19.3903169344428,38.086359257883
PRT,2002,37.9035873413086,95.4565124511719,62.1610538054401,19.6839989260711,38.5363689937197
PRT,2003,36.2692527770996,96.7017059326172,60.4382672080898,20.1962841967547,39.7930956725769
PRT,2004,37.3032760620117,94.3247299194336,62.7629806669567,20.543776403631,40.4111116219968
PRT,2005,39.2873954772949,92.5373382568359,62.5718057280122,21.0880979234631,41.3861745526588
PRT,2006,45.285701751709,88.9413681030274,68.0730362336936,20.4614616118988,40.1357063120759
PRT,2007,46.9335327148438,88.1935729980469,69.6530798312034,19.7647867043258,39.2633090450479
PRT,2008,49.2097587585449,88.1697998046875,71.963328063325,19.9040320220793,40.2678757105435
PRT,2009,42.3260879516602,89.3423843383789,61.0822773378283,21.4328942350445,43.6458956914859
PRT,2010,46.6234321594238,90.0590133666992,67.3048494042777,20.7136408279024,43.8857036098054
PRT,2011,52.3777084350586,89.7706985473633,72.8638805710354,19.8581191717307,44.2674228479366
PRT,2012,54.9973220825195,88.1389465332031,75.9289614710258,18.513755352952,44.1310987545224
PRT,2013,56.6688537597656,88.3821105957031,78.0273442908481,19.0877849655211,45.4358270882224
PRT,2014,57.7731857299805,92.8399810791016,79.9597559623838,18.607558262899,47.5230887989306
PRT,2015,57.4172782897949,93.3186950683594,80.2229566172975,18.1212753232719,43.7758701159115
PRT,2016,57.5598564147949,93.5492706298828,78.9156708978573,17.8554796609753,41.1939184981915
PRT,2017,,,84.5968311915597,17.4893293355147,41.7328028061532
PRT,2018,,,,17.3366372354081,
PRT,2019,,,,,
PRT,2020,,,,,
SVK,1965,,,,,
SVK,1966,,,,,
SVK,1967,,,,,
SVK,1968,,,,,
SVK,1969,,,,,
SVK,1970,,,,,
SVK,1971,,,,,
SVK,1972,,,,,
SVK,1973,,,,,
SVK,1974,,,,,
SVK,1975,,,,,
SVK,1976,,,,,
SVK,1977,,,,,
SVK,1978,,,,,
SVK,1979,,,,,
SVK,1980,,,,,
SVK,1981,,,,,
SVK,1982,,,,,
SVK,1983,,,,,
SVK,1984,,,,,
SVK,1985,,,,,
SVK,1986,,,,,
SVK,1987,,,,,
SVK,1988,,,,,
SVK,1989,,,,,
SVK,1990,,,58.3416749819773,22.4315671922274,
SVK,1991,,,89.90857517864,21.079207866968,
SVK,1992,,,136.203529140257,25.9040437567613,
SVK,1993,64.3545532226563,65.310546875,114.80010310895,24.0159456513977,
SVK,1994,61.5088996887207,65.7379455566406,111.132164974772,20.5246506808586,
SVK,1995,58.4859504699707,66.1513061523438,111.238295992162,20.3194763244816,42.4711789394354
SVK,1996,57.9207458496094,68.2136154174805,115.223276415405,22.4791118962767,49.289082426751
SVK,1997,60.0311660766602,70.2919158935547,119.540843822318,20.5473595708058,42.3875844367461
SVK,1998,59.1913795471191,74.3591384887695,103.922194424081,21.1441598919714,41.5270589208625
SVK,1999,49.8657569885254,77.1211090087891,99.3564855116238,19.3244134736468,45.2110472719449
SVK,2000,58.277027130127,78.9762344360352,110.69943166237,19.3536237734123,50.0686459405481
SVK,2001,63.0438957214356,82.55322265625,123.615640077874,19.8649327896183,41.8406230000727
SVK,2002,68.8080215454102,68.3021087646484,122.196134844134,19.6032670953917,43.3499771806973
SVK,2003,70.2138595581055,67.0855255126953,126.282994543616,19.8813332300914,38.0875717732626
SVK,2004,68.045280456543,91.0796051025391,140.161823707054,18.5019598157779,36.6876329280807
SVK,2005,70.2016372680664,90.7386322021484,148.67939743123,18.3403810906464,38.1841592196242
SVK,2006,72.8072357177734,88.1569290161133,166.031100399692,18.8347775250618,36.848861559806
SVK,2007,74.4201354980469,87.7301406860352,167.670854904699,17.2153984111557,34.7394090660429
SVK,2008,75.9079971313477,87.7384872436524,162.920929761002,17.6460514010597,34.7609663155449
SVK,2009,70.1249313354492,88.6071624755859,136.701526970102,20.1601326122161,41.6709597811951
SVK,2010,70.8031768798828,88.7748184204102,154.123059806721,19.585802259481,39.8358054854169
SVK,2011,70.4361724853516,86.3595199584961,171.007872957736,18.7777939110007,39.0172497977231
SVK,2012,71.9247665405274,84.959846496582,179.193878843241,18.1883783249924,38.9509940186797
SVK,2013,75.1128997802734,84.9399719238281,183.405464372307,18.4073821995084,39.5220185964185
SVK,2014,74.0671920776367,93.8866195678711,180.278818457979,18.9303700229744,39.7693156782358
SVK,2015,74.1246795654297,91.1532821655273,183.118713958796,19.3219758407067,40.9028102999811
SVK,2016,74.0223083496094,90.8431167602539,183.992985848276,19.3770515041396,40.1226931160392
SVK,2017,,,190.679305200793,19.4715224736518,38.8506487275546
SVK,2018,,,,19.463407975904,
SVK,2019,,,,,
SVK,2020,,,,,
SVN,1965,,,,,
SVN,1966,,,,,
SVN,1967,,,,,
SVN,1968,,,,,
SVN,1969,,,,,
SVN,1970,,,,,
SVN,1971,,,,,
SVN,1972,,,,,
SVN,1973,,,,,
SVN,1974,,,,,
SVN,1975,,,,,
SVN,1976,,,,,
SVN,1977,,,,,
SVN,1978,,,,,
SVN,1979,,,,,
SVN,1980,,,,,
SVN,1981,,,,,
SVN,1982,,,,,
SVN,1983,,,,,
SVN,1984,,,,,
SVN,1985,,,,,
SVN,1986,,,,,
SVN,1987,,,,,
SVN,1988,,,,,
SVN,1989,,,,,
SVN,1990,,,,16.5191485333977,
SVN,1991,61.3028335571289,46.3037376403809,,18.0492958761341,
SVN,1992,61.3932037353516,46.0454483032227,,19.3116179180218,35.174942540362
SVN,1993,61.5049362182617,63.53369140625,,20.0248669754598,36.5103614514494
SVN,1994,61.0006942749024,63.8121223449707,,19.1824442562008,36.4469220387033
SVN,1995,61.134162902832,62.8849296569824,93.4633009953227,18.008400999189,
SVN,1996,61.7511177062988,64.141960144043,93.6277902329863,17.8412306975064,
SVN,1997,62.8617515563965,67.5114440917969,96.3260833934508,17.7370238211098,
SVN,1998,62.1763420104981,70.3776779174805,96.775018227071,17.7302029415534,
SVN,1999,58.8913536071777,71.1946563720703,92.6291041468671,17.8870754903157,
SVN,2000,62.4548645019531,72.9540405273438,103.67912271171,18.5045979458177,
SVN,2001,62.3319625854492,74.4127807617188,104.538694238516,18.9058704864632,
SVN,2002,63.1831283569336,75.6049652099609,103.327149013789,18.6746388844253,40.4778740113704
SVN,2003,62.0772438049317,87.3814086914063,102.108466766251,18.806448514722,40.4821592238628
SVN,2004,64.6019134521484,90.7975158691406,111.377108700197,18.6642870457166,39.917610348273
SVN,2005,69.3093643188477,88.9118423461914,119.797480526799,18.6801125131147,39.9299586036718
SVN,2006,70.6806259155274,84.5818939208984,129.438621391143,18.4398469570699,38.7093406433005
SVN,2007,73.6952285766602,84.2152862548828,136.491964495636,17.2928045770919,35.8499603295247
SVN,2008,76.2978591918945,83.8855209350586,134.144353049272,18.0256611189267,37.1365166678568
SVN,2009,73.0601196289063,84.9898300170898,112.616536910071,20.058866506488,41.5696117346862
SVN,2010,75.7642211914063,86.4415817260742,127.141330167444,20.2835164871176,42.5426637728911
SVN,2011,76.9073715209961,84.8300933837891,138.912301308299,20.4285284893073,43.9759533941569
SVN,2012,77.8469772338867,83.1875991821289,142.031251402418,20.2247949831858,42.5118688999383
SVN,2013,78.3990783691406,83.176887512207,143.474867534813,19.517921928118,52.9941048065114
SVN,2014,78.7529449462891,90.5552368164063,144.227959008901,18.6062694403038,43.5924360096611
SVN,2015,79.1998825073242,89.4420394897461,145.39663702532,18.5212345787687,42.0554901032771
SVN,2016,79.8967742919922,89.1600723266602,146.152219504331,18.8107993250071,40.3384551072039
SVN,2017,,,154.763999912057,18.2263264006107,38.0239304182929
SVN,2018,,,,17.8216874404343,
SVN,2019,,,,,
SVN,2020,,,,,
SWE,1965,,,44.4004541560109,17.9382978238159,
SWE,1966,,,43.355038331488,19.0869878471913,
SWE,1967,,,42.0983553264323,19.7236210241633,
SWE,1968,,,43.14854906935,20.767427055726,
SWE,1969,,,45.8814591536233,20.9758962202458,
SWE,1970,30.9753665924072,80.4396896362305,45.113127403313,20.2987803882024,
SWE,1971,30.7895526885986,80.4396896362305,43.9848509962816,21.2747787143009,
SWE,1972,29.9872283935547,80.4396896362305,43.3933762734907,21.4985824184144,23.3106726723657
SWE,1973,32.3116493225098,82.1194686889649,48.20320592398,21.4616206907402,23.2516850542826
SWE,1974,40.7039756774902,82.4545516967774,60.3124128758848,21.9598636389813,24.4873984566652
SWE,1975,35.0197906494141,81.1142272949219,52.2805725663072,22.5206713820769,24.8466327682388
SWE,1976,35.6009521484375,81.9852905273438,52.7015249323925,23.533526375847,26.996829422544
SWE,1977,35.2528114318848,82.3203659057617,52.2144510602368,26.0067794382562,30.097971505726
SWE,1978,35.4858360290527,83.1914367675781,51.302371764564,26.420065883788,32.2978625364957
SWE,1979,39.4149055480957,83.3923416137695,57.1847926505907,26.7640670333629,33.9171970542736
SWE,1980,36.7131500244141,83.9112548828125,56.8963784923564,27.2927927385639,34.1261366760678
SWE,1981,37.9673233032227,84.8900451660156,56.7731391386841,27.6013887447773,36.9143185900114
SWE,1982,44.1153144836426,86.2824249267578,61.7747301881333,27.445816504438,37.5894697054416
SWE,1983,46.0562934875488,87.1754455566406,65.5012480381608,26.8253733131202,39.405241731059
SWE,1984,44.968921661377,88.8735198974609,65.3894602395781,25.9189854507493,38.1794874601789
SWE,1985,44.6903305053711,89.1423187255859,65.1878875935385,25.6104862363815,39.3160587418874
SWE,1986,39.3399772644043,89.436408996582,59.3388383742419,25.3075882466594,37.8092275596668
SWE,1987,39.4073181152344,89.0217590332031,59.7794689980195,24.5744771618841,36.2123088254016
SWE,1988,40.0706520080566,88.6222763061524,59.4408364011394,23.9205753655808,34.9889749518639
SWE,1989,40.9196319580078,88.6052398681641,60.1322923686009,24.1902108059367,34.4346586592613
SWE,1990,38.3663444519043,88.3144149780273,56.8568113385071,25.2388957425837,35.6370326696073
SWE,1991,35.7181777954102,88.2628402709961,52.0474753831956,26.0658503860799,37.1103849428321
SWE,1992,36.2826271057129,86.8894348144531,51.7245097663743,27.1347493566503,40.2304572898797
SWE,1993,40.6455993652344,86.2942047119141,59.2405994378664,27.4599791315064,44.7987999699259
SWE,1994,46.1986618041992,85.6935119628906,64.9268272269557,26.4362754753801,42.4486598655972
SWE,1995,47.1084060668945,88.0908966064453,69.6271213795989,25.4920854793684,42.8133988952339
SWE,1996,46.0375366210938,89.2040100097656,67.4887747311758,25.8583896218836,40.3224188860709
SWE,1997,51.5823020935059,91.7631683349609,73.1542876329509,25.3759932106086,38.5367694406171
SWE,1998,52.4479751586914,93.0301513671875,75.743846052662,25.4610935951038,37.7513055414078
SWE,1999,54.0911903381348,93.8219299316406,76.0093822027711,25.3985029722308,36.5444018115009
SWE,2000,59.3632659912109,95.0773010253906,82.3274062136872,24.503592425993,34.6074006576535
SWE,2001,60.6817283630371,93.9425659179688,81.2762042346447,24.6841150143679,33.2495136821714
SWE,2002,57.8498687744141,94.5940017700195,77.8635622886085,25.4338938576722,33.6799071003073
SWE,2003,56.8378753662109,95.9985656738281,76.1481277306807,25.6791936029555,33.7260053945315
SWE,2004,60.0944290161133,94.5505828857422,79.2938257433296,24.9615172751204,32.4886065140936
SWE,2005,63.8758087158203,93.2553329467773,84.5739697153974,24.8272312718355,32.9886834121064
SWE,2006,65.393928527832,89.9106597900391,88.7894830757892,24.5438524909808,31.7397256830369
SWE,2007,66.8919219970703,90.0468368530274,89.5397799186122,24.0370519933002,31.0502356419285
SWE,2008,68.6566009521484,89.7051391601563,93.3591313493716,24.5708543934409,31.0763305865145
SWE,2009,64.8471527099609,91.043571472168,83.1433029375927,26.1411192982765,33.4088090281649
SWE,2010,65.5722198486328,91.8509140014648,86.8083933817353,25.1536966658948,32.7884423285612
SWE,2011,66.8493194580078,89.0210494995117,88.5533712660572,25.1517941745016,32.0560561566745
SWE,2012,66.1708755493164,87.6759643554688,87.6182170642454,25.8862670990664,32.5521819548583
SWE,2013,64.8178634643555,86.0894622802734,83.0049452309643,26.3022534280496,33.3050428213069
SWE,2014,65.7131118774414,92.1473617553711,85.6617672246998,26.1742864936531,32.8194522859481
SWE,2015,66.1643218994141,91.3186798095703,86.2062580342508,25.8626414153086,31.8706722744477
SWE,2016,64.9647369384766,91.0373840332031,84.3731280627943,26.30324453534,31.4858042315386
SWE,2017,,,87.0068421364134,26.1253031067086,31.3374608770401
SWE,2018,,,,26.1630993686028,
SWE,2019,,,,,
SWE,2020,,,,,
