iso2c,country,year,LIFEEXP,GINI_WB,GDP_PPPpc,MORTRATE
AL,Albania,1996,72.495,27,4533.89411426246,31.7
AL,Albania,2002,74.579,31.7,6238.11938946609,23.1
AL,Albania,2005,75.228,30.6,7426.11504463375,19.2
AL,Albania,2008,75.912,30,9154.71325757909,15.5
AL,Albania,2012,77.252,29,10369.5605566625,11.4
AM,Armenia,1999,70.944,36.2,2744.4257626029,32.3
AM,Armenia,2001,71.8,35.4,3224.10745580806,29.3
AM,Armenia,2002,72.112,34.8,3669.34542509198,27.8
AM,Armenia,2003,72.348,33,4206.79947455511,26.5
AM,Armenia,2004,72.513,37.5,4673.81650269449,25.2
AM,Armenia,2005,72.626,36,5356.59645608394,23.9
AM,Armenia,2006,72.716,29.7,6110.62482273624,22.7
AM,Armenia,2007,72.815,31.2,7011.67412540552,21.6
AM,Armenia,2008,72.946,29.2,7559.92654863541,20.5
AM,Armenia,2009,73.118,28,6534.07715174723,19.5
AM,Armenia,2010,73.331,30,6702.82936989704,18.5
AM,Armenia,2011,73.572,29.4,7019.76774846004,17.6
AM,Armenia,2012,73.82,29.6,7505.12457412053,16.7
AM,Armenia,2013,74.056,30.6,7717.06096440542,15.9
AM,Armenia,2014,74.273,31.5,7954.19533052503,15.1
AM,Armenia,2015,74.467,32.4,8171.83235372945,14.4
AM,Armenia,2016,74.64,32.5,8158.63479378224,13.7
AM,Armenia,2017,74.797,33.6,8744.7313676447,13
AO,Angola,2000,46.522,52,3892.3169253943,205.7
AO,Angola,2008,53.243,42.7,6474.37642342765,138.3
AR,Argentina,1991,71.813,46.8,12238.7888472347,28.1
AR,Argentina,1992,72.032,45.5,13032.793286462,27.3
AR,Argentina,1993,72.246,44.9,13919.4038997753,26.3
AR,Argentina,1994,72.453,45.9,14546.5387867258,25.2
AR,Argentina,1995,72.651,48.9,13959.9996570558,24.1
AR,Argentina,1996,72.843,49.5,14556.7335748029,23.1
AR,Argentina,1997,73.029,49.1,15556.0175645669,22.1
AR,Argentina,1998,73.213,50.7,15973.0672585851,21.2
AR,Argentina,1999,73.396,49.8,15261.4419922845,20.4
AR,Argentina,2000,73.576,51.1,14975.3033216,19.6
AR,Argentina,2001,73.755,53.3,14159.5848404901,18.9
AR,Argentina,2002,73.932,53.8,12480.9976567284,18.3
AR,Argentina,2003,74.107,51.2,13439.1071255147,17.7
AR,Argentina,2004,74.28,48.6,14498.7723316514,17.1
AR,Argentina,2005,74.451,48,15619.451344,16.5
AR,Argentina,2006,74.62,46.7,16705.8696830038,16.1
AR,Argentina,2007,74.787,46.6,18029.6825798292,15.7
AR,Argentina,2008,74.952,45.3,18575.8877229221,15.3
AR,Argentina,2009,75.116,44.1,17302.6541492773,14.9
AR,Argentina,2010,75.278,44.5,18911.8231883276,14.4
AR,Argentina,2011,75.439,42.7,19817.4504765479,13.9
AR,Argentina,2012,75.598,41.4,19392.3097931241,13.3
AR,Argentina,2013,75.756,41,19637.7553833376,12.6
AR,Argentina,2014,75.913,41.7,18935.0024966208,12
AR,Argentina,2016,76.221,42,18645.0918508457,10.9
AR,Argentina,2017,76.372,41.2,18945.1440219822,10.4
AT,Austria,2003,78.6317073170732,29.5,39816.7741226218,5.2
AT,Austria,2004,79.1804878048781,29.8,40652.8107017009,5.1
AT,Austria,2005,79.3317073170732,28.7,41282.8799941074,4.9
AT,Austria,2006,79.8804878048781,29.6,42498.0073262324,4.8
AT,Austria,2007,80.1804878048781,30.6,43939.4252883758,4.6
AT,Austria,2008,80.4317073170732,30.4,44441.7885303671,4.5
AT,Austria,2009,80.3317073170732,31.5,42656.8541604126,4.4
AT,Austria,2010,80.5804878048781,30.3,43336.1978527647,4.3
AT,Austria,2011,80.9829268292683,30.8,44452.7327457999,4.2
AT,Austria,2012,80.9365853658537,30.5,44551.6175741173,4.1
AT,Austria,2013,81.1365853658537,30.8,44301.104028751,3.9
AT,Austria,2014,81.490243902439,30.5,44246.8932651257,3.8
AT,Austria,2015,81.190243902439,30.5,44253.7542473183,3.7
AU,Australia,1995,77.8292682926829,32.6,30411.701168612,7
AU,Australia,2001,79.6341463414634,33.5,35592.787014827,6.1
AU,Australia,2003,80.2390243902439,33.5,37197.9761613101,5.9
AU,Australia,2004,80.490243902439,33.1,38260.3873683081,5.8
AU,Australia,2008,81.3951219512195,35.4,41385.3926060226,5.2
AU,Australia,2010,81.6951219512195,34.7,41529.7844367051,4.8
AU,Australia,2014,82.3,35.8,43672.1303729673,4
AZ,Azerbaijan,1995,65.256,34.7,3427.55108529804,94.5
AZ,Azerbaijan,2001,67.054,36.5,5020.4949277868,69.8
AZ,Azerbaijan,2002,67.391,25.3,5453.5302441996,64.9
AZ,Azerbaijan,2003,67.791,26.8,5964.8783790501,60.4
AZ,Azerbaijan,2004,68.249,26.6,6460.05502508542,56.2
AZ,Azerbaijan,2005,68.747,26.6,8182.31181443141,52.5
BA,Bosnia and Herzegovina,2001,74.637,30,6622.67849234046,9.5
BA,Bosnia and Herzegovina,2004,75.068,34,7677.28720588557,9
BA,Bosnia and Herzegovina,2007,75.498,33.1,9320.98989805677,8.3
BA,Bosnia and Herzegovina,2011,76.219,33,9976.47966210109,6.9
BD,Bangladesh,1991,58.891,27.6,1340.2616595861,137.7
BD,Bangladesh,1995,62.002,32.9,1481.79055101761,113.9
BD,Bangladesh,2000,65.447,33.4,1692.42211846311,87.3
BD,Bangladesh,2005,67.773,33.2,1990.95359726971,66.1
BD,Bangladesh,2010,69.881,32.1,2518.43417760304,49.1
BD,Bangladesh,2016,71.785,32.4,3424.01066014401,33.9
BE,Belgium,2003,78.1292682926829,28.1,37990.6481933893,5.2
BE,Belgium,2004,78.8780487804878,30.5,39201.5251968517,5.1
BE,Belgium,2005,78.9804878048781,29.3,39802.9675336697,4.9
BE,Belgium,2006,79.380487804878,28.1,40532.2682610931,4.8
BE,Belgium,2007,79.7829268292683,29.2,41623.4378839282,4.7
BE,Belgium,2008,79.6804878048781,28.4,41619.3300965694,4.6
BE,Belgium,2009,80.0341463414634,28.5,40355.5647103738,4.5
BE,Belgium,2010,80.1829268292683,28.4,41085.9175030485,4.5
BE,Belgium,2011,80.5853658536585,28.1,41284.1510136804,4.4
BE,Belgium,2012,80.3853658536585,27.5,41125.241157877,4.3
BE,Belgium,2013,80.5878048780488,27.7,41013.9921057712,4.2
BE,Belgium,2014,81.2878048780488,28.1,41344.6362757704,4.1
BE,Belgium,2015,80.9926829268293,27.7,41820.8268335992,4
BF,Burkina Faso,1994,49.38,48.1,868.463532306393,197.5
BF,Burkina Faso,1998,49.914,49.9,1040.667437642,186
BF,Burkina Faso,2003,51.956,43.3,1183.09487974235,165.8
BF,Burkina Faso,2009,56.377,39.8,1392.20028555341,121.5
BF,Burkina Faso,2014,59.45,35.3,1582.33009760085,91
BG,Bulgaria,1992,71.4943902439024,30.7,8057.39454715674,19.2
BG,Bulgaria,2006,72.6121951219512,35.7,13374.9029906954,12.5
BG,Bulgaria,2007,72.6634146341463,36.1,14463.1673919163,11.9
BG,Bulgaria,2008,72.9634146341463,33.6,15442.1347998764,11.5
BG,Bulgaria,2009,73.4121951219512,33.8,14984.5899413924,11.1
BG,Bulgaria,2010,73.5121951219512,35.7,15283.2747066107,10.7
BG,Bulgaria,2011,74.1634146341463,34.3,15676.1333354642,10.3
BG,Bulgaria,2012,74.3146341463415,36,15772.0792812583,9.8
BG,Bulgaria,2013,74.8609756097561,36.6,15938.9336151633,9.2
BG,Bulgaria,2014,74.4658536585366,37.4,16324.3374794387,8.7
BI,Burundi,1992,47.212,33.3,1042.36716865702,178.2
BI,Burundi,1998,47.708,42.3,754.429747911998,167
BI,Burundi,2006,54.163,33.4,706.746700906096,117.6
BI,Burundi,2013,59.148,38.6,760.699069642062,75.1
BJ,Benin,2003,56.436,38.6,1734.69529970284,129.2
BJ,Benin,2011,59.59,43.4,1820.8893040888,108.9
BJ,Benin,2015,60.608,47.8,1987.14191963108,99.9
BO,Bolivia,1990,56.099,42,3702.60174413553,121.2
BO,Bolivia,1997,60.566,58.2,4287.48107130384,89
BO,Bolivia,1999,61.835,58.1,4347.28987161212,79.8
BO,Bolivia,2000,62.452,61.6,4370.97939244791,75.3
BO,Bolivia,2001,63.054,57.4,4360.67669966251,71
BO,Bolivia,2002,63.64,59.3,4385.95864096695,67
BO,Bolivia,2004,64.766,55,4524.06981166348,59.4
BO,Bolivia,2005,65.312,58.5,4640.55616316529,55.8
BO,Bolivia,2006,65.853,56.7,4778.7213936392,52.5
BO,Bolivia,2007,66.395,54.5,4911.63309805467,49.4
BO,Bolivia,2008,66.937,50.8,5126.19962688807,46.4
BO,Bolivia,2009,67.476,49.2,5210.74222054361,43.7
BO,Bolivia,2011,68.521,46.1,5524.71779777384,38.7
BO,Bolivia,2012,69.01,46.6,5715.52484798514,36.5
BO,Bolivia,2013,69.468,47.6,6008.59258421997,34.4
BO,Bolivia,2014,69.891,47.8,6239.5482959879,32.4
BO,Bolivia,2015,70.277,46.7,6444.37511535808,30.8
BO,Bolivia,2016,70.626,44.6,6620.43801753902,29.3
BO,Bolivia,2017,70.945,44,6798.9293493876,28
BR,Brazil,1990,66.343,60.5,10341.6588029645,63
BR,Brazil,1992,67.141,53.2,10092.9675038401,57.2
BR,Brazil,1993,67.539,60.1,10389.4047378607,54.1
BR,Brazil,1995,68.318,59.6,11062.294897467,47.9
BR,Brazil,1996,68.695,59.9,11128.276658177,45
BR,Brazil,1997,69.061,59.8,11327.5407816869,42.2
BR,Brazil,1998,69.419,59.6,11193.3811754373,39.6
BR,Brazil,1999,69.769,59,11080.4243305743,37.1
BR,Brazil,2001,70.462,58.4,11404.5916164246,32.6
BR,Brazil,2002,70.813,58.1,11599.5501892547,30.5
BR,Brazil,2003,71.17,57.6,11585.2901091511,28.5
BR,Brazil,2004,71.531,56.5,12106.2895350968,26.6
BR,Brazil,2005,71.896,56.3,12351.6001763102,24.9
BR,Brazil,2006,72.26,55.6,12701.7376680735,23.3
BR,Brazil,2007,72.618,54.9,13333.6116055629,21.9
BR,Brazil,2008,72.966,54,13874.210830321,20.7
BR,Brazil,2009,73.3,53.7,13724.0996531641,19.6
BR,Brazil,2011,73.921,52.9,15061.9566296437,17.9
BR,Brazil,2012,74.209,52.7,15214.7654836184,17.3
BR,Brazil,2013,74.483,52.8,15535.6279086956,16.7
BR,Brazil,2014,74.745,51.5,15480.8680489801,16.2
BR,Brazil,2015,74.994,51.3,14807.2205545288,15.7
BR,Brazil,2016,75.23,53.7,14200.3166718022,16.3
BR,Brazil,2017,75.456,53.3,14236.0177474186,14.8
BT,Bhutan,2003,63.624,40.9,4169.12959304662,65.4
BT,Bhutan,2007,66.709,38.1,5627.24820980141,51.1
BT,Bhutan,2012,69.263,38.8,7547.82563772115,38.1
BT,Bhutan,2017,71.129,37.4,9246.67676323712,30.8
BW,Botswana,1993,56.222,60.8,8812.98398918062,60.9
BW,Botswana,2002,50.232,64.7,10987.2906566145,84.3
BW,Botswana,2009,58.447,60.5,12400.8889375325,55.5
BW,Botswana,2015,67.338,53.3,15659.8968068401,40.7
BY,Belarus,1998,68.4073170731707,32,6862.29737993061,14.5
BY,Belarus,1999,67.9073170731707,31.7,7125.52295663578,13.7
BY,Belarus,2000,68.9121951219512,31.2,7574.4049979219,12.8
BY,Belarus,2001,68.5073170731707,30.6,7973.1135065485,11.8
BY,Belarus,2002,68.0560975609756,30.3,8428.86324527166,10.8
BY,Belarus,2003,68.5536585365854,28.8,9085.88621617333,10
BY,Belarus,2004,68.9560975609756,26.5,10195.5108209511,9.2
BY,Belarus,2005,68.8512195121951,27.6,11230.3314313225,8.5
BY,Belarus,2006,69.4048780487805,28.3,12429.2352111868,7.8
BY,Belarus,2007,70.2073170731707,29.6,13560.2284948669,7.2
BY,Belarus,2008,70.4560975609756,27.8,14995.0776294825,6.6
BY,Belarus,2009,70.4073170731707,27.7,15058.6044544366,6
BY,Belarus,2010,70.4048780487805,28.6,16260.5926799472,5.5
BY,Belarus,2011,70.5536585365854,27.2,17166.6956434719,5.1
BY,Belarus,2012,71.9658536585366,26.5,17472.3249308517,4.8
BY,Belarus,2013,72.4707317073171,26.6,17644.8544069875,4.5
BY,Belarus,2014,72.9707317073171,27.2,17933.3427177555,4.3
BY,Belarus,2015,73.6243902439025,25.6,17219.1206477761,4
BY,Belarus,2016,73.8268292682927,25.3,16763.0361063249,3.8
BY,Belarus,2017,74.1292682926829,25.4,17193.4241428478,3.6
BZ,Belize,1993,70.268,60.3,6444.96901681164,32
BZ,Belize,1994,69.845,60.9,6325.2910009307,30.3
BZ,Belize,1996,69.1,56.6,6094.80294100482,27.6
BZ,Belize,1997,68.858,60.4,6085.38722039776,26.5
BZ,Belize,1998,68.734,54.9,6075.46334345497,25.4
BZ,Belize,1999,68.734,53.3,6367.02700651484,24.5
CA,Canada,1991,77.6219512195122,31,30321.870842077,8
CA,Canada,1994,77.8268292682927,31.3,31730.6083194497,7.2
CA,Canada,1997,78.4317073170732,31.6,33484.1374003772,6.5
CA,Canada,1998,78.6341463414634,33.2,34501.9045662711,6.4
CA,Canada,2000,79.1365853658537,33.3,37501.7007504023,6.2
CA,Canada,2004,79.8926829268293,33.7,39646.9498927695,6.1
CA,Canada,2007,80.5439024390244,33.8,41629.2206255974,5.9
CA,Canada,2010,81.2463414634146,33.6,40697.5816614987,5.6
CA,Canada,2013,81.7487804878049,34,42370.1937247246,5.4
CD,"Congo, Dem. Rep.",2004,52.917,42.2,577.483297246379,142.5
CD,"Congo, Dem. Rep.",2012,57.914,42.1,706.367202606293,107.5
CF,Central African Republic,1992,48.267,61.3,867.326541452101,179.3
CF,Central African Republic,2003,44.182,43.6,816.923266561819,167.7
CF,Central African Republic,2008,46.161,56.2,887.608557889138,157.4
CG,"Congo, Rep.",2005,55.6,47.3,4867.92265817337,86.1
CG,"Congo, Rep.",2011,60.785,48.9,5353.80429630661,60.7
CH,Switzerland,2006,81.490243902439,33.9,54531.9936996731,4.9
CH,Switzerland,2007,81.7414634146342,34.3,56269.1565026942,4.8
CH,Switzerland,2008,81.9926829268293,33.8,56755.8381307405,4.7
CH,Switzerland,2009,82.0439024390244,32.9,54805.5792896896,4.6
CH,Switzerland,2010,82.2463414634147,32.6,55866.3050707537,4.5
CH,Switzerland,2011,82.6951219512195,31.7,56183.8325850081,4.5
CH,Switzerland,2012,82.6975609756098,31.6,56149.6708620093,4.4
CH,Switzerland,2013,82.7975609756098,32.5,56535.7400477582,4.4
CH,Switzerland,2014,83.1975609756098,32.5,57218.0279263612,4.4
CH,Switzerland,2015,82.8975609756098,32.3,57324.6790708698,4.3
CI,Cote d'Ivoire,1992,52.779,39.4,3051.75890786472,155.5
CI,Cote d'Ivoire,1995,51.569,40.6,2968.0161908719,154.8
CI,Cote d'Ivoire,1998,50.242,39,3170.40754537518,150.1
CI,Cote d'Ivoire,2002,49.475,41.3,2810.18903124562,138.1
CI,Cote d'Ivoire,2008,51.682,43.2,2657.67298101952,115.3
CI,Cote d'Ivoire,2015,56.065,41.5,3225.18885921985,90
CL,Chile,1990,73.509,57.2,8969.83801155226,19.1
CL,Chile,1992,74.1,54.8,10400.8686874939,16.2
CL,Chile,1994,74.671,56.4,11276.8038281085,13.9
CL,Chile,1996,75.244,54.9,12741.2032615414,12.5
CL,Chile,1998,75.813,55.5,13907.3711941791,11.9
CL,Chile,2000,76.366,52.8,14241.1549463274,10.9
CL,Chile,2003,77.146,51.5,15283.8226889144,9.5
CL,Chile,2006,77.865,48.2,17852.6273985903,9
CL,Chile,2009,78.558,49,18485.1350173976,8.8
CL,Chile,2011,78.986,47.6,20342.5709204911,8.5
CL,Chile,2013,79.349,47.3,21862.4413780466,8.3
CL,Chile,2015,79.646,47.7,22257.3120536501,7.9
CL,Chile,2017,79.909,46.6,22296.8370043166,7.4
CM,Cameroon,1996,51.238,44.4,2396.92524250481,152.1
CM,Cameroon,2001,51.222,42.1,2605.81738626822,145.8
CM,Cameroon,2007,53.681,42.8,2855.83535682166,120.7
CM,Cameroon,2014,57.083,46.6,3134.08070428593,89.8
CN,China,1990,69.145,32.2,1521.96386809244,53.7
CN,China,1996,70.14,35.2,2781.13062601201,45.5
CN,China,1999,71.063,38.7,3428.06317190652,39.2
CN,China,2002,72.061,42,4302.22687143634,31.5
CN,China,2005,72.985,40.9,5702.8005787526,24
CN,China,2008,73.835,43,7924.64436460666,18.5
CN,China,2010,74.409,43.7,9498.07974429813,15.8
CN,China,2011,74.708,42.4,10355.4957126354,14.6
CN,China,2012,75.013,42.2,11115.1106750721,13.5
CN,China,2013,75.321,39.7,11919.6071041718,12.5
CN,China,2014,75.629,39.2,12725.0890985402,11.6
CN,China,2015,75.928,38.6,13534.8462367331,10.7
CO,Colombia,1992,70.161,51.5,7888.05346157035,33
CO,Colombia,1996,71.497,56.9,8768.10582453562,28.7
CO,Colombia,1999,72.619,58.7,8306.28933707,25.8
CO,Colombia,2000,72.945,58.7,8413.2218436793,25
CO,Colombia,2001,73.241,57.2,8421.36245388365,24.2
CO,Colombia,2002,73.517,55.8,8501.42568638423,23.5
CO,Colombia,2003,73.777,53.4,8704.94467810473,22.8
CO,Colombia,2004,74.026,54.8,9040.15406981243,22.2
CO,Colombia,2005,74.265,53.7,9338.73044551389,21.5
CO,Colombia,2008,74.962,55.5,10602.2454204915,19.7
CO,Colombia,2009,75.193,54.4,10611.3385223243,19.1
CO,Colombia,2010,75.424,54.7,10956.9458516118,18.5
CO,Colombia,2011,75.655,53.5,11650.1994926942,17.9
CO,Colombia,2012,75.882,52.7,11996.2165178573,17.3
CO,Colombia,2013,76.105,52.8,12430.6471458766,16.8
CO,Colombia,2014,76.322,52.7,12887.5992823361,16.2
CO,Colombia,2015,76.531,51.1,13114.5736261796,15.7
CO,Colombia,2016,76.732,50.8,13207.4682670432,15.2
CO,Colombia,2017,76.925,49.7,13186.2068323642,14.7
CR,Costa Rica,1990,75.654,45.3,7744.43468663009,16.7
CR,Costa Rica,1991,75.844,46.6,7715.46901910238,16.2
CR,Costa Rica,1992,76.028,45.7,8208.57686686491,15.6
CR,Costa Rica,1993,76.211,46,8566.76894703055,15.2
CR,Costa Rica,1994,76.394,46.8,8727.23457100697,14.9
CR,Costa Rica,1995,76.579,45.7,8864.72188851843,14.8
CR,Costa Rica,1996,76.765,46.5,8759.92554629255,14.7
CR,Costa Rica,1997,76.948,45.6,9032.10637772079,14.7
CR,Costa Rica,1998,77.124,45.7,9445.1738779957,14.4
CR,Costa Rica,1999,77.293,47.7,9611.58918248961,13.8
CR,Costa Rica,2000,77.452,47.4,9786.22377290454,13
CR,Costa Rica,2001,77.601,51.6,9947.79632940829,12.2
CR,Costa Rica,2002,77.74,51.9,10107.7517626226,11.6
CR,Costa Rica,2003,77.871,49.3,10378.1280436856,11.1
CR,Costa Rica,2004,77.996,48.3,10671.5917595286,10.7
CR,Costa Rica,2005,78.117,47.5,10928.5848796273,10.5
CR,Costa Rica,2006,78.239,49.4,11557.9895073086,10.4
CR,Costa Rica,2007,78.362,49.3,12333.9562268402,10.3
CR,Costa Rica,2008,78.491,48.7,12738.2612894688,10.3
CR,Costa Rica,2009,78.626,50.6,12453.8619562105,10.2
CR,Costa Rica,2010,78.769,48.2,12908.8321995121,10.1
CR,Costa Rica,2011,78.919,48.7,13302.9282818466,9.9
CR,Costa Rica,2012,79.074,48.6,13777.7571957158,9.7
CR,Costa Rica,2013,79.234,49.3,13929.6083754765,9.5
CR,Costa Rica,2014,79.398,48.6,14259.0465204072,9.2
CR,Costa Rica,2015,79.565,48.4,14617.1486695105,9.1
CR,Costa Rica,2016,79.738,48.7,15077.490098047,8.9
CR,Costa Rica,2017,79.914,48.3,15430.3086304753,8.9
CV,Cabo Verde,2001,69.099,52.5,3915.15868013561,32
CV,Cabo Verde,2007,70.676,47.2,5768.86952013302,26
CY,Cyprus,2004,78.506,30.1,32537.4632321429,5.2
CY,Cyprus,2005,78.63,30.3,33628.6893248723,4.9
CY,Cyprus,2006,78.764,31.1,34631.2588517068,4.6
CY,Cyprus,2007,78.91,31.1,35630.0507839928,4.3
CY,Cyprus,2008,79.071,31.7,36013.6191905943,4
CY,Cyprus,2009,79.245,32.1,34353.1632353752,3.8
CY,Cyprus,2010,79.43,31.5,33913.2951547692,3.6
CY,Cyprus,2011,79.621,32.6,33192.336901327,3.4
CY,Cyprus,2012,79.812,34.3,31749.5615603048,3.2
CY,Cyprus,2013,79.999,37,29977.9136856447,3
CY,Cyprus,2014,80.178,35.6,29912.190030924,2.9
CY,Cyprus,2015,80.35,34,30673.3025195789,2.7
CZ,Czech Republic,1993,72.7678048780488,26.6,17624.68477675,10.2
CZ,Czech Republic,1996,73.7146341463415,25.8,20107.8534574349,7.7
CZ,Czech Republic,2004,75.7219512195122,27.5,24233.5969865534,4.6
CZ,Czech Republic,2005,75.9243902439025,26.9,25781.2047057911,4.4
CZ,Czech Republic,2006,76.5243902439024,26.7,27473.6271233445,4.1
CZ,Czech Republic,2007,76.7243902439025,26,28844.0671946539,3.9
CZ,Czech Republic,2008,76.9756097560976,26.3,29373.1092319296,3.7
CZ,Czech Republic,2009,77.0780487804878,26.2,27803.5871622193,3.5
CZ,Czech Republic,2010,77.4243902439025,26.6,28352.9493964403,3.4
CZ,Czech Republic,2011,77.8731707317073,26.4,28797.4179611691,3.3
CZ,Czech Republic,2012,78.0756097560976,26.1,28527.1387345992,3.2
CZ,Czech Republic,2013,78.1756097560976,26.5,28379.7461179156,3.1
CZ,Czech Republic,2014,78.8243902439024,25.9,29119.6166119074,3.1
CZ,Czech Republic,2015,78.5780487804878,25.9,30605.4205211471,3.1
DE,Germany,1991,75.319512195122,29.2,32646.5618381478,8
DE,Germany,1994,76.2707317073171,29.2,33175.7085774638,6.8
DE,Germany,1995,76.4219512195122,29,33653.1296358835,6.5
DE,Germany,1998,77.4756097560976,28.3,35081.304207874,5.7
DE,Germany,2000,77.9268292682927,28.8,36764.5629268974,5.4
DE,Germany,2001,78.3292682926829,30.3,37325.0525470646,5.2
DE,Germany,2002,78.2292682926829,30,37262.3512875562,5.1
DE,Germany,2003,78.3804878048781,30.3,36977.3460076486,5
DE,Germany,2004,78.6804878048781,30.4,37418.0924996579,4.9
DE,Germany,2005,78.9317073170732,32.3,37703.9329399406,4.7
DE,Germany,2006,79.1317073170732,31.3,39143.1662435764,4.6
DE,Germany,2007,79.5341463414634,31.3,40473.5274498896,4.5
DE,Germany,2008,79.7365853658537,31.2,40989.4431148599,4.4
DE,Germany,2009,79.8365853658537,30.5,38784.4524824906,4.3
DE,Germany,2010,79.9878048780488,30.2,40428.7210307617,4.2
DE,Germany,2011,80.4365853658537,30.5,42692.5197566424,4.1
DE,Germany,2013,80.490243902439,31.1,42914.4761126655,4
DE,Germany,2015,80.6414634146341,31.7,44043.1779351549,3.9
DK,Denmark,2003,77.1439024390244,25.6,42645.5732746002,5.2
DK,Denmark,2004,77.4926829268293,24.9,43670.4462005934,5
DK,Denmark,2005,77.8439024390244,25.2,44567.922139693,4.8
DK,Denmark,2006,78.0951219512195,25.9,46159.9165879517,4.6
DK,Denmark,2007,78.1951219512195,26.2,46373.5130736799,4.5
DK,Denmark,2008,78.4463414634146,25.2,45865.7963202703,4.3
DK,Denmark,2009,78.5975609756098,26.7,43382.6156875419,4.2
DK,Denmark,2010,79.1,27.2,43998.4261013179,4.1
DK,Denmark,2011,79.8,27.3,44403.3848413929,4.1
DK,Denmark,2012,80.0512195121951,27.8,44336.8170261432,4.1
DK,Denmark,2013,80.3,28.5,44564.4530684091,4.1
DK,Denmark,2014,80.7,28.4,45057.0834471659,4.2
DK,Denmark,2015,80.7024390243902,28.2,45787.9839495237,4.2
DO,Dominican Republic,1992,67.272,51.4,5962.64859842063,55.5
DO,Dominican Republic,1996,68.425,47.4,6853.01909070332,47
DO,Dominican Republic,1997,68.677,48.9,7340.42052836093,45.2
DO,Dominican Republic,2000,69.429,51.5,8288.75930039353,40.9
DO,Dominican Republic,2001,69.69,50,8366.91142621868,39.8
DO,Dominican Republic,2002,69.957,49.7,8616.37748471562,38.9
DO,Dominican Republic,2003,70.227,52.1,8380.03966187037,38
DO,Dominican Republic,2004,70.499,52.1,8476.5333052345,37.3
DO,Dominican Republic,2005,70.771,50,9150.49868620112,36.7
DO,Dominican Republic,2006,71.041,52,9858.4091968239,36.1
DO,Dominican Republic,2007,71.304,48.9,10453.2354480745,35.6
DO,Dominican Republic,2008,71.559,48.1,10652.7462560792,35.1
DO,Dominican Republic,2009,71.806,48.9,10620.2944384367,34.7
DO,Dominican Republic,2010,72.046,47.3,11365.4939987589,34.2
DO,Dominican Republic,2011,72.284,47.7,11580.568776398,33.8
DO,Dominican Republic,2012,72.523,46.1,11754.2730554339,33.3
DO,Dominican Republic,2013,72.763,47.7,12183.3965554153,32.7
DO,Dominican Republic,2014,73.003,44.3,12962.8465130076,32.1
DO,Dominican Republic,2015,73.241,45.2,13717.3584553551,31.3
DO,Dominican Republic,2016,73.471,45.7,14461.1366716752,30.6
DZ,Algeria,1995,68.54,35.3,9342.77772080384,43.6
DZ,Algeria,2011,75.199,27.6,13046.3699622677,26.7
EC,Ecuador,1994,70.587,53.4,7712.78729129386,43.2
EC,Ecuador,1998,72.075,49.7,7941.91889701133,33
EC,Ecuador,1999,72.425,58.6,7417.35779463855,30.9
EC,Ecuador,2000,72.761,56.4,7357.01513726519,29
EC,Ecuador,2003,73.641,53.4,7761.42524943925,24.8
EC,Ecuador,2004,73.887,53.9,8258.67584521659,23.7
EC,Ecuador,2005,74.112,53.1,8551.35030959605,22.8
EC,Ecuador,2006,74.319,52.2,8779.61193097724,21.9
EC,Ecuador,2007,74.514,53.3,8823.05187102524,21
EC,Ecuador,2008,74.705,49.7,9229.53430421072,20.1
EC,Ecuador,2009,74.895,48.4,9131.86843047269,19.2
EC,Ecuador,2010,75.089,48.7,9304.72808586679,18.3
EC,Ecuador,2011,75.289,45.9,9883.58002854238,17.5
EC,Ecuador,2012,75.495,46.1,10285.8667382719,16.7
EC,Ecuador,2013,75.707,46.9,10634.2778933041,16.1
EC,Ecuador,2014,75.923,45,10868.1194141035,15.6
EC,Ecuador,2015,76.143,46,10704.2732626449,15.1
EC,Ecuador,2016,76.365,45,10394.0607595063,14.8
EC,Ecuador,2017,76.584,44.7,10453.7098956813,14.5
EE,Estonia,2003,71.3170731707317,37.2,19389.4423083658,8.5
EE,Estonia,2004,71.909756097561,33.6,20733.538079237,7.8
EE,Estonia,2005,72.5682926829268,33.4,22807.1827469547,7.1
EE,Estonia,2006,72.6914634146341,33.7,25298.646049925,6.5
EE,Estonia,2007,72.8146341463415,31.2,27383.4695578858,5.9
EE,Estonia,2008,73.7707317073171,31.9,25968.9728072711,5.4
EE,Estonia,2009,74.8243902439024,31.4,22187.9264018728,5
EE,Estonia,2010,75.4292682926829,32,22740.9720038708,4.6
EE,Estonia,2011,76.2292682926829,32.5,24543.0674715452,4.2
EE,Estonia,2012,76.3268292682927,32.9,25691.9996357991,3.9
EE,Estonia,2013,77.1414634146341,35.1,26282.9088374806,3.6
EE,Estonia,2014,77.0341463414634,34.6,27113.1201129961,3.4
EE,Estonia,2015,77.590243902439,32.7,27610.2419529994,3.2
EG,"Egypt, Arab Rep.",1990,64.572,32,5897.86889758915,85.8
EG,"Egypt, Arab Rep.",1995,66.779,30.1,6282.19251872806,64.7
EG,"Egypt, Arab Rep.",1999,68.357,32.8,7192.56779139259,49.7
EG,"Egypt, Arab Rep.",2004,69.271,31.8,7930.18378632738,37.7
EG,"Egypt, Arab Rep.",2008,69.971,31.1,9460.62610462765,31.6
EG,"Egypt, Arab Rep.",2010,70.349,30.2,10019.3097059847,29
EG,"Egypt, Arab Rep.",2012,70.736,28.3,9981.55196131653,26.6
EG,"Egypt, Arab Rep.",2015,71.302,31.8,10242.534355286,23.6
ES,Spain,2003,79.619512195122,31.8,31815.4213391699,5
ES,Spain,2004,79.8707317073171,33.3,32261.4444925784,4.9
ES,Spain,2005,80.1707317073171,32.4,32901.9877322306,4.7
ES,Spain,2006,80.8219512195122,33.5,33700.8521141386,4.5
ES,Spain,2007,80.8731707317073,34.1,34329.6470032958,4.4
ES,Spain,2008,81.1756097560976,34.2,34163.9463911854,4.2
ES,Spain,2009,81.4756097560976,34.9,32652.5121822546,4
ES,Spain,2010,81.6268292682927,35.2,32507.0939660629,3.9
ES,Spain,2011,82.4756097560976,35.7,32068.2709273108,3.7
ES,Spain,2012,82.4268292682927,35.4,31109.1874649142,3.6
ES,Spain,2013,83.0780487804878,36.2,30678.9172969914,3.5
ES,Spain,2014,83.2292682926829,36.1,31195.4052422035,3.4
ES,Spain,2015,82.8317073170732,36.2,32357.4740440962,3.3
ET,Ethiopia,1995,49.303,44.6,577.476830935287,172.6
ET,Ethiopia,1999,51.366,30,602.721798649207,147.7
ET,Ethiopia,2004,55.174,29.8,676.917429577307,116.6
ET,Ethiopia,2010,61.627,33.2,1074.59461303402,82.9
ET,Ethiopia,2015,65.048,35,1518.47487145011,63.5
FI,Finland,2003,78.3682926829268,27.7,36852.4439237464,4
FI,Finland,2004,78.7146341463415,27.9,38188.2510919027,3.9
FI,Finland,2005,78.8170731707317,27.6,39115.7647931549,3.8
FI,Finland,2006,79.2146341463415,28,40546.0807261049,3.6
FI,Finland,2007,79.2634146341464,28.3,42467.2609961997,3.5
FI,Finland,2008,79.5682926829268,27.8,42574.6411365042,3.4
FI,Finland,2009,79.719512195122,27.5,38867.7994464569,3.2
FI,Finland,2010,79.8707317073171,27.7,39848.1344978775,3.1
FI,Finland,2011,80.4707317073171,27.6,40683.5275821703,2.9
FI,Finland,2012,80.6268292682927,27.1,39912.9413580065,2.7
FI,Finland,2013,80.9756097560976,27.2,39428.3120606313,2.6
FI,Finland,2014,81.1804878048781,26.8,39017.5372069548,2.4
FI,Finland,2015,81.4804878048781,27.1,39083.9347589518,2.2
FJ,Fiji,2002,66.022,38.1,6990.39729674363,22.4
FJ,Fiji,2008,66.477,40.4,7366.43296218994,23.8
FJ,Fiji,2013,66.95,36.7,7967.64290523154,24.1
FM,"Micronesia, Fed. Sts.",2005,65.489,42.4,3257.25966588631,46.7
FM,"Micronesia, Fed. Sts.",2013,66.986,40.1,3141.31404356619,36.1
FR,France,2003,79.1146341463415,31.4,35317.6246897021,4.9
FR,France,2004,80.1634146341463,30.6,36050.6010914167,4.7
FR,France,2005,80.1634146341463,29.8,36374.9710210524,4.6
FR,France,2006,80.8121951219512,29.7,37006.9948676667,4.5
FR,France,2007,81.1121951219512,32.4,37670.5278381019,4.4
FR,France,2008,81.2146341463415,33,37556.0958767363,4.3
FR,France,2009,81.4146341463415,32.7,36289.8030255818,4.3
FR,France,2010,81.6634146341463,33.7,36814.9211418022,4.3
FR,France,2011,82.1146341463415,33.3,37440.6386298685,4.2
FR,France,2012,81.9682926829268,33.1,37376.5354325521,4.2
FR,France,2013,82.219512195122,32.5,37398.9261198335,4.2
FR,France,2014,82.6707317073171,32.3,37575.8118178524,4.1
FR,France,2015,82.3219512195122,32.7,37835.8070767413,4.1
GA,Gabon,2005,58.181,42.2,16955.3457342617,75
GA,Gabon,2017,65.839,38,16144.9352967905,46
GB,United Kingdom,2004,78.7463414634146,36,36285.597578507,6.2
GB,United Kingdom,2005,79.0487804878049,34.3,37172.025435583,6
GB,United Kingdom,2006,79.2487804878049,34.6,37840.0303864897,5.9
GB,United Kingdom,2007,79.4487804878049,35.7,38502.2742264755,5.8
GB,United Kingdom,2008,79.6,34.1,38068.3176663968,5.6
GB,United Kingdom,2009,80.0512195121951,34.3,36177.0293344155,5.4
GB,United Kingdom,2010,80.4024390243902,34.4,36508.7801742556,5.2
GB,United Kingdom,2011,80.9512195121951,33.2,36820.321718188,5
GB,United Kingdom,2012,80.9048780487805,32.3,37094.3126260054,4.8
GB,United Kingdom,2013,81.0048780487805,33.2,37600.7992808045,4.6
GB,United Kingdom,2014,81.3048780487805,34,38418.586445095,4.5
GB,United Kingdom,2015,80.9560975609756,33.2,39009.7348938003,4.5
GE,Georgia,1996,69.635,37.1,2682.01988831753,44.1
GE,Georgia,1997,69.613,40.7,3060.75928185705,42.7
GE,Georgia,1998,69.654,41.3,3234.84821822438,41
GE,Georgia,1999,69.756,40.1,3396.8360351214,39
GE,Georgia,2000,69.902,40.5,3527.21002564036,36.8
GE,Georgia,2001,70.065,39.6,3754.50025704068,34.3
GE,Georgia,2002,70.22,37.2,3995.70676567452,31.7
GE,Georgia,2003,70.349,36.7,4467.65225194067,29
GE,Georgia,2004,70.451,36.2,4755.8906418095,26.3
GE,Georgia,2005,70.538,37.4,5245.1768661547,23.7
GE,Georgia,2006,70.635,36.9,5771.98024917422,21.3
GE,Georgia,2007,70.765,38.1,6532.02026961474,19.1
GE,Georgia,2008,70.946,38.5,6710.35639053596,17.2
GE,Georgia,2009,71.18,38.2,6523.07432830012,15.6
GE,Georgia,2010,71.46,39.5,6981.47589791816,14.2
GE,Georgia,2011,71.773,39.6,7545.93946556889,13
GE,Georgia,2012,72.097,39,8084.49566749305,12.1
GE,Georgia,2013,72.412,38.6,8383.49305501964,11.4
GE,Georgia,2014,72.707,37.6,8766.99593876866,10.9
GE,Georgia,2015,72.973,36.5,9005.33867753628,10.5
GE,Georgia,2016,73.207,36.6,9256.1465770659,10.2
GE,Georgia,2017,73.414,37.9,9702.16827734726,10
GH,Ghana,1991,57.182,38.4,1944.03078080124,123.2
GH,Ghana,1998,57.045,40.1,2152.75851155531,106.4
GH,Ghana,2005,58.719,42.8,2507.59346029322,84.2
GH,Ghana,2012,61.72,42.4,3595.64118399197,63.3
GH,Ghana,2016,63.124,43.5,3830.49766347569,52.3
GM,"Gambia, The",1998,55.133,48.5,1373.44964157493,124.2
GM,"Gambia, The",2003,57.159,47.3,1440.18482047273,101.8
GM,"Gambia, The",2010,59.637,43.6,1551.58893699578,77.1
GM,"Gambia, The",2015,60.91,35.9,1481.47620017438,64.7
GN,Guinea,1991,50.593,46.8,1339.35966679894,229.7
GN,Guinea,1994,51.64,46.1,1394.1050907003,209.6
GN,Guinea,2002,51.484,43,1588.78622480542,152
GN,Guinea,2007,54.864,39.4,1653.27807639768,125.9
GN,Guinea,2012,57.905,33.7,1783.67232626035,112.8
GR,Greece,2003,78.8414634146341,32.8,28119.4073558205,5.2
GR,Greece,2004,79.0390243902439,33.6,29469.5266005245,4.9
GR,Greece,2005,79.2390243902439,34.6,29559.2813870956,4.6
GR,Greece,2006,79.4390243902439,35.1,31136.4469589464,4.3
GR,Greece,2007,79.4390243902439,34,32073.9603960134,4.1
GR,Greece,2008,79.9390243902439,33.6,31881.7123475428,4
GR,Greece,2009,80.1878048780488,33.6,30430.419418438,3.9
GR,Greece,2010,80.3878048780488,34.1,28726.0792836873,3.9
GR,Greece,2011,80.7317073170732,34.8,26141.3195918975,4
GR,Greece,2012,80.6341463414634,36.2,24364.2690631745,4.1
GR,Greece,2013,81.2853658536585,36.1,23746.0845699961,4.2
GR,Greece,2014,81.3853658536585,35.8,24081.6305378246,4.4
GR,Greece,2015,81.0365853658537,36,24134.6844088562,4.6
GT,Guatemala,2000,67.849,54.2,6070.71327088601,51.7
GT,Guatemala,2006,70.082,54.6,6457.98740183311,40.8
GT,Guatemala,2014,72.935,48.3,7147.56307701223,30.1
GW,Guinea-Bissau,1993,48.038,43.6,1656.49162077177,209.5
GW,Guinea-Bissau,2002,51.123,35.6,1367.1154709222,163.4
GW,Guinea-Bissau,2010,54.628,50.7,1430.97246260323,113.8
GY,Guyana,1998,64.705,44.6,4503.44414076481,49
HN,Honduras,1990,66.723,57.4,3207.62033434761,58
HN,Honduras,1991,67.175,51.9,3013.99652018588,55.3
HN,Honduras,1992,67.605,51.8,3108.00536843263,52.8
HN,Honduras,1993,68.028,53.5,3218.01914767489,50.5
HN,Honduras,1994,68.45,55,3135.02099766665,48.3
HN,Honduras,1995,68.871,55.5,3235.7258370438,46.3
HN,Honduras,1996,69.284,55.7,3203.2341721807,44.3
HN,Honduras,1997,69.676,52.7,3255.81443907376,42.4
HN,Honduras,1998,70.041,57.4,3277.97958335838,58.9
HN,Honduras,1999,70.378,55.4,3163.96501115525,38.9
HN,Honduras,2001,70.976,55.6,3303.88157447524,35.5
HN,Honduras,2002,71.249,55.7,3340.18358805427,33.8
HN,Honduras,2003,71.511,58.1,3405.05822646035,32.3
HN,Honduras,2004,71.77,58.1,3529.54181020842,30.8
HN,Honduras,2005,72.026,59.5,3654.76309695388,29.4
HN,Honduras,2006,72.285,57.5,3805.34107617472,28.1
HN,Honduras,2007,72.544,55.8,3950.67096744404,26.9
HN,Honduras,2008,72.803,55.5,4028.87709907878,25.7
HN,Honduras,2009,73.061,51.3,3849.00996839996,24.6
HN,Honduras,2010,73.317,53.1,3912.6035957246,23.6
HN,Honduras,2011,73.569,56.2,3984.49726718677,22.7
HN,Honduras,2012,73.814,56.1,4072.16783799912,21.8
HN,Honduras,2013,74.051,52.6,4110.75813846325,21
HN,Honduras,2014,74.278,50.4,4162.16694210136,20.2
HN,Honduras,2015,74.495,49.6,4247.38174923163,19.5
HN,Honduras,2016,74.701,50,4337.58358457438,18.8
HN,Honduras,2017,74.898,50.5,4468.99905807769,18.2
HR,Croatia,2009,76.1682926829268,32.6,21020.205147284,5.7
HR,Croatia,2010,76.4756097560976,32.4,20757.6244713517,5.5
HR,Croatia,2011,76.7756097560976,32.3,20758.557316629,5.3
HR,Croatia,2012,76.9243902439024,32.5,20343.0618969146,5.2
HR,Croatia,2013,77.1268292682927,32,20299.4823783223,5.1
HR,Croatia,2014,77.4780487804878,32.1,20364.5023107551,5
HR,Croatia,2015,77.2756097560976,31.1,21025.9334211841,4.9
HT,Haiti,2012,61.26,41.1,1590.75068771506,76.2
HU,Hungary,1993,69.1012195121951,27.9,14629.0144597774,14.5
HU,Hungary,2004,72.6487804878049,29.9,21476.6692872933,7.9
HU,Hungary,2005,72.6487804878049,34.7,22463.7429843124,7.5
HU,Hungary,2006,73.0975609756098,28.3,23365.2157613087,7.2
HU,Hungary,2007,73.1512195121951,27.9,23500.2869284832,6.9
HU,Hungary,2008,73.7024390243903,27.5,23741.8849201475,6.5
HU,Hungary,2009,73.9048780487805,27,22209.0617657374,6.2
HU,Hungary,2010,74.2073170731707,29.4,22405.1779035861,6
HU,Hungary,2011,74.8585365853659,29.2,22841.2103381104,5.9
HU,Hungary,2012,75.0634146341463,30.8,22584.9144010117,5.7
HU,Hungary,2013,75.5658536585366,31.5,23121.3430648403,5.6
HU,Hungary,2014,75.7634146341463,30.9,24163.1425370978,5.4
HU,Hungary,2015,75.5682926829269,30.4,25077.2306319899,5.1
ID,Indonesia,1990,62.32,31.2,4625.97435842088,84.2
ID,Indonesia,1993,63.529,32,5331.85751036249,73.1
ID,Indonesia,1996,64.637,34.4,6387.44848487412,63.2
ID,Indonesia,1998,65.244,31.1,5645.32609809811,57.5
ID,Indonesia,1999,65.513,31,5611.14713274518,54.9
ID,Indonesia,2000,65.772,28.5,5806.53901022441,52.4
ID,Indonesia,2001,66.037,29,5936.32567475502,50
ID,Indonesia,2002,66.321,31.7,6119.79574729121,47.8
ID,Indonesia,2003,66.631,31.8,6326.4328618233,45.7
ID,Indonesia,2004,66.969,32.7,6556.13945609589,49.7
ID,Indonesia,2005,67.334,33,6837.37130166316,41.9
ID,Indonesia,2006,67.717,34.2,7118.21737227785,40.1
ID,Indonesia,2007,68.105,35.7,7470.31753372475,38.5
ID,Indonesia,2008,68.485,35.1,7815.44868890557,37
ID,Indonesia,2009,68.853,35.1,8069.24189667882,35.5
ID,Indonesia,2010,69.205,36.4,8457.55655491923,34.1
ID,Indonesia,2011,69.542,39.7,8859.13999816104,32.8
ID,Indonesia,2012,69.866,39.6,9267.21716900559,31.5
ID,Indonesia,2013,70.179,39.9,9651.92448954492,30.3
ID,Indonesia,2014,70.481,39.4,10003.1718365667,29.1
ID,Indonesia,2015,70.768,39.7,10358.8285659237,28
ID,Indonesia,2016,71.035,38.6,10748.2888017722,26.9
ID,Indonesia,2017,71.282,38.1,11161.0212022163,25.9
IE,Ireland,2003,78.1390243902439,32.9,44456.4239125087,6
IE,Ireland,2004,78.5390243902439,33.6,46584.944561564,5.6
IE,Ireland,2005,78.9439024390244,33.7,48179.129606664,5.2
IE,Ireland,2006,79.2414634146342,32.7,49275.7000064497,4.9
IE,Ireland,2007,79.6414634146341,31.9,50420.3631497595,4.6
IE,Ireland,2008,80.0951219512195,30.9,47189.4095922347,4.4
IE,Ireland,2009,80.190243902439,32.7,44339.9200688764,4.3
IE,Ireland,2010,80.7439024390244,32.3,44897.1583385855,4.2
IE,Ireland,2011,80.7463414634146,32.9,44855.3247012361,4.1
IE,Ireland,2012,80.8463414634146,33.2,44766.472183248,4
IE,Ireland,2013,80.9487804878049,33.5,45133.2722264401,3.9
IE,Ireland,2014,81.3487804878049,31.9,48638.3359043432,3.9
IE,Ireland,2015,81.4536585365854,31.8,60304.488851186,3.8
IL,Israel,1992,76.5048780487805,35.5,21887.2777067148,10.5
IL,Israel,1997,78,38.1,25054.3440168884,7.8
IL,Israel,2001,79.4073170731707,38.9,26180.481677227,6.6
IL,Israel,2005,80.1512195121951,41.7,26608.7444730943,5.6
IL,Israel,2007,80.5048780487805,41,28684.9872970493,5.1
IL,Israel,2010,81.6024390243903,42.6,29665.3153877937,4.6
IL,Israel,2012,81.7048780487805,41.4,30644.8523486874,4.3
IL,Israel,2014,82.1536585365854,39.8,31927.1609156763,4
IL,Israel,2016,82.4073170731707,38.9,32742.9202027499,3.8
IN,India,1993,59.349,31.7,2003.76053310587,116
IN,India,2004,64.095,34.4,3210.91458199739,77.7
IN,India,2009,66.244,35.4,4158.38557167279,61.4
IN,India,2011,67.13,35.7,4624.56019248072,55.1
IQ,Iraq,2006,68.157,28.6,11809.9792226226,38.9
IQ,Iraq,2012,69.148,29.5,15032.5842030186,32.6
IR,"Iran, Islamic Rep.",1990,63.837,43.6,11364.2607968025,56
IR,"Iran, Islamic Rep.",1994,67.84,43,12158.3626177656,46.2
IR,"Iran, Islamic Rep.",1998,69.471,44.1,12718.7432540381,38.2
IR,"Iran, Islamic Rep.",2005,71.917,43.6,15763.8752333278,25.9
IR,"Iran, Islamic Rep.",2006,72.257,44.8,16366.1378656777,24.4
IR,"Iran, Islamic Rep.",2009,73.457,42.1,17341.5529567779,20.7
IR,"Iran, Islamic Rep.",2013,75.162,37.4,16587.4977361131,17.3
IR,"Iran, Islamic Rep.",2014,75.502,38.8,17130.7320329716,16.6
IR,"Iran, Islamic Rep.",2015,75.796,39.5,16683.4316065827,16
IR,"Iran, Islamic Rep.",2016,76.047,40,18663.5367196606,15.5
IS,Iceland,2003,80.9634146341464,26.8,36315.7536610435,3.5
IS,Iceland,2004,80.9975609756098,28,38893.3787996132,3.3
IS,Iceland,2005,81.5024390243902,29,40705.8747920798,3.2
IS,Iceland,2006,81.1585365853659,30.2,41848.4716978287,3.1
IS,Iceland,2007,81.4536585365854,29.5,44624.2798957954,2.9
IS,Iceland,2008,81.609756097561,31.8,44674.65712484,2.8
IS,Iceland,2009,81.7512195121951,28.7,41505.0848352344,2.7
IS,Iceland,2010,81.8975609756098,26.2,40136.7371548952,2.6
IS,Iceland,2011,82.3585365853659,26.8,40767.2364144887,2.5
IS,Iceland,2012,82.9170731707317,26.8,41076.606123176,2.4
IS,Iceland,2013,82.0609756097561,25.4,42371.9599617624,2.3
IS,Iceland,2014,82.8609756097561,27.8,42774.8888514713,2.3
IT,Italy,2003,79.9829268292683,34.9,37090.4052236178,4.8
IT,Italy,2004,80.7804878048781,34.3,37434.1000868702,4.6
IT,Italy,2005,80.7829268292683,33.8,37604.360624075,4.5
IT,Italy,2006,81.2829268292683,33.7,38243.8063277255,4.3
IT,Italy,2007,81.4341463414634,32.9,38612.0116543642,4.2
IT,Italy,2008,81.4853658536586,33.8,37954.1606640052,4.1
IT,Italy,2009,81.6365853658537,33.8,35710.4200015019,4.1
IT,Italy,2010,82.0365853658537,34.7,36201.1615672134,4
IT,Italy,2011,82.1878048780488,35.1,36347.3424784176,3.9
IT,Italy,2012,82.2390243902439,35.2,35227.6248251817,3.8
IT,Italy,2013,82.690243902439,34.9,34219.8327781897,3.7
IT,Italy,2014,83.090243902439,34.7,33945.8438783585,3.6
IT,Italy,2015,82.5439024390244,35.4,34292.5348236811,3.4
JM,Jamaica,1990,73.204,41.1,7301.07724643099,30.4
JM,Jamaica,1993,73.918,35.7,8316.6427505225,27.7
JM,Jamaica,1996,74.167,40.4,8370.52684424286,25.2
JM,Jamaica,1999,74.152,44.1,7936.88460357583,22.9
JM,Jamaica,2002,74.14,48.3,8091.44550720111,21.2
JM,Jamaica,2004,74.146,45.5,8398.80295755854,20.4
JO,Jordan,1992,70.331,43.4,6808.00888087667,33.9
JO,Jordan,1997,71.219,36.4,6870.76868291753,29.3
JO,Jordan,2002,72.083,37,7745.64424071993,25.5
JO,Jordan,2006,72.763,33.9,9087.47344593587,22.8
JO,Jordan,2008,73.099,32.6,9633.1175672697,21.5
JO,Jordan,2010,73.428,33.7,9386.17904454746,20.3
JP,Japan,2008,82.5875609756098,32.1,36278.3694728356,3.4
KE,Kenya,1992,55.973,57.5,2213.4117887549,113.8
KE,Kenya,1994,54.31,43.1,2142.30079016239,118.1
KE,Kenya,1997,52.014,45,2144.36616043659,116.2
KE,Kenya,2005,54.732,46.5,2188.93806478149,79.3
KE,Kenya,2015,64.798,40.8,2797.86358364244,46.3
KG,Kyrgyz Republic,1998,67.0512195121951,46.4,1949.83293080948,54.9
KG,Kyrgyz Republic,2000,68.5585365853659,31,2074.50528735026,49.5
KG,Kyrgyz Republic,2001,68.7073170731707,30.2,2164.26829541867,47.1
KG,Kyrgyz Republic,2002,68.1560975609756,30.3,2144.1212497445,44.9
KG,Kyrgyz Republic,2003,68.2560975609756,28.7,2270.92467714174,42.8
KG,Kyrgyz Republic,2004,68.1536585365854,34.8,2401.26500386894,40.9
KG,Kyrgyz Republic,2005,67.9560975609756,32.6,2370.16604504651,39.2
KG,Kyrgyz Republic,2006,67.6951219512195,37.4,2417.57947078108,37.6
KG,Kyrgyz Republic,2007,67.8951219512195,33.9,2599.20601763553,35.8
KG,Kyrgyz Republic,2008,68.4512195121951,31.5,2790.93490017638,33.8
KG,Kyrgyz Republic,2009,69.1024390243903,29.9,2837.03141885562,31.6
KG,Kyrgyz Republic,2010,69.3,30.1,2790.17066394311,29.6
KG,Kyrgyz Republic,2011,69.6024390243903,27.8,2920.6032099095,27.7
KG,Kyrgyz Republic,2012,70.0024390243902,27.4,2866.62622065277,26.1
KG,Kyrgyz Republic,2013,70.2024390243902,28.8,3116.61390967701,24.7
KG,Kyrgyz Republic,2014,70.4024390243902,26.8,3176.90280430129,23.5
KG,Kyrgyz Republic,2015,70.6512195121951,29,3233.53256740346,22.3
KG,Kyrgyz Republic,2016,70.9512195121951,26.8,3304.56268562358,21.1
KG,Kyrgyz Republic,2017,71.2,27.3,3393.6179895888,20
KI,Kiribati,2006,64.712,37,1915.6645688759,66.2
KM,Comoros,2004,59.904,55.9,2363.57573377472,100.9
KM,Comoros,2013,62.922,45.3,2533.44379757944,79.5
KR,"Korea, Rep.",2006,78.6682926829268,31.7,26697.0326128912,5.2
KR,"Korea, Rep.",2008,79.5170731707317,32.3,28588.3721177634,4.5
KR,"Korea, Rep.",2010,80.1170731707317,32,30352.1048190303,4.1
KR,"Korea, Rep.",2012,80.819512195122,31.6,31776.8970259682,3.8
KZ,Kazakhstan,1996,64.109756097561,35.4,8451.39881646401,51.7
KZ,Kazakhstan,2001,65.7682926829268,36,11314.2507721055,40.3
KZ,Kazakhstan,2002,65.9682926829268,34.8,12422.5348398417,37.9
KZ,Kazakhstan,2003,65.8658536585366,33.7,13532.2311999936,35.7
KZ,Kazakhstan,2004,65.8878048780488,31.8,14728.6164132949,33.5
KZ,Kazakhstan,2005,65.909756097561,39.8,16014.3078565668,31.3
KZ,Kazakhstan,2006,66.1609756097561,30.2,17541.3257706717,29.1
KZ,Kazakhstan,2007,66.5048780487805,30.1,18885.2432360456,26.9
KZ,Kazakhstan,2008,67.0219512195122,28.5,19272.2140102936,24.6
KZ,Kazakhstan,2009,68.4292682926829,28.2,18995.894852134,22.4
KZ,Kazakhstan,2010,68.2953658536585,28,20096.5597617046,20.2
KZ,Kazakhstan,2011,68.98,28,21276.9340240625,18.2
KZ,Kazakhstan,2012,69.61,28.2,21986.3189159221,16.2
KZ,Kazakhstan,2013,70.45,27.1,22972.4310315582,14.5
KZ,Kazakhstan,2014,71.62,27,23587.3375151419,13.1
KZ,Kazakhstan,2015,72,26.8,23524.0604446748,11.9
KZ,Kazakhstan,2016,72.3,27.2,23447.0157043488,11
KZ,Kazakhstan,2017,72.95,27.5,24078.5451597381,10.4
LA,Lao PDR,1992,54.258,34.3,1779.39667033021,142.8
LA,Lao PDR,1997,57.04,34.9,2221.66495533365,119.3
LA,Lao PDR,2002,59.937,32.6,2700.41948313488,98.5
LA,Lao PDR,2007,62.731,35.4,3523.61077997796,78.7
LA,Lao PDR,2012,65.267,36.4,4772.26685973673,61.8
LB,Lebanon,2011,78.507,31.8,13841.5350103708,9.8
LC,St. Lucia,1995,72.323,42.6,10199.1867177334,19.8
LC,St. Lucia,2016,75.752,51.2,11958.3528183183,17.4
LK,Sri Lanka,1990,69.509,32.4,3613.16006708598,21.9
LK,Sri Lanka,1995,69.259,35.4,4462.84813946005,20
LK,Sri Lanka,2002,73.085,41,5589.10397904104,15.5
LK,Sri Lanka,2006,74.904,40.3,6912.17243647481,13.6
LK,Sri Lanka,2009,75.286,36.4,7925.95417566246,12
LK,Sri Lanka,2012,75.796,39.2,9980.02270677105,10.6
LK,Sri Lanka,2016,76.482,39.8,11447.4152021947,8.2
LR,Liberia,2007,57.365,36.5,1034.2924575239,112.4
LR,Liberia,2014,61.723,33.2,1257.62544088118,81.9
LR,Liberia,2016,62.802,35.3,1176.18804507441,76.1
LS,Lesotho,1994,57.022,63.2,1491.77837145776,97.5
LS,Lesotho,2002,44.898,51.6,1710.44244008853,121.8
LS,Lesotho,2010,45.1,54.2,2418.9320256919,100.2
LT,Lithuania,2004,71.9609756097561,37,16919.9903764486,9.3
LT,Lithuania,2005,71.2536585365854,35.3,18526.7131823842,9
LT,Lithuania,2006,71.0560975609756,34.4,20219.0944387072,8.6
LT,Lithuania,2007,70.9,34.8,22729.1896986907,8
LT,Lithuania,2008,71.8121951219512,35.7,23567.6779201764,7.4
LT,Lithuania,2009,72.9146341463415,37.2,20300.4823959238,6.7
LT,Lithuania,2010,73.2682926829268,33.6,21070.6121671458,6
LT,Lithuania,2011,73.5634146341464,32.5,22854.3081318795,5.5
LT,Lithuania,2012,73.8634146341464,35.1,24049.32868167,5.2
LT,Lithuania,2013,73.9146341463415,35.3,25143.8886657652,5.1
LT,Lithuania,2014,74.5170731707317,37.7,26258.1824778714,5
LT,Lithuania,2015,74.3219512195122,37.4,27041.9681183608,4.9
LU,Luxembourg,2003,77.7268292682927,30.2,85374.3398319662,4.1
LU,Luxembourg,2004,79.1219512195122,30.2,87209.8193983459,3.9
LU,Luxembourg,2005,79.4317073170732,30.8,88610.2898686036,3.7
LU,Luxembourg,2006,79.2878048780488,30.9,91724.1824854209,3.5
LU,Luxembourg,2007,79.3829268292683,31.1,97864.1951009914,3.3
LU,Luxembourg,2008,80.5390243902439,32.6,94900.3467241975,3.2
LU,Luxembourg,2009,80.6365853658537,31.2,89098.7342435384,3.1
LU,Luxembourg,2010,80.6317073170732,30.5,91743.2938905974,3
LU,Luxembourg,2011,80.9878048780488,32.1,92005.0168361444,2.9
LU,Luxembourg,2012,81.3926829268293,34.3,89505.1589621295,2.8
LU,Luxembourg,2013,81.8,32,90656.3804221873,2.8
LU,Luxembourg,2014,82.2292682926829,31.2,92349.1864861951,2.7
LU,Luxembourg,2015,82.2926829268293,33.8,93727.3205965797,2.6
LV,Latvia,1995,66.3912195121951,31,8283.83958540627,19.8
LV,Latvia,1996,68.7765853658537,31.6,8575.30510793987,19
LV,Latvia,2004,72.0268292682927,36.4,15658.8914756038,11.2
LV,Latvia,2005,71.3560975609756,39,17522.2500280981,10.5
LV,Latvia,2006,70.8658536585366,35.6,19786.2014783993,9.8
LV,Latvia,2007,71.019512195122,37.5,21939.0522420665,9.3
LV,Latvia,2008,72.419512195122,37.2,21384.2919086477,8.8
LV,Latvia,2009,73.0804878048781,35.9,18609.3140797706,8.3
LV,Latvia,2010,73.4829268292683,35,18251.9348848025,7.8
LV,Latvia,2011,73.5756097560976,35.8,19773.3637901242,7.2
LV,Latvia,2012,73.7780487804878,35.2,20827.8906117474,6.6
LV,Latvia,2013,73.9829268292683,35.5,21563.6996930387,6
LV,Latvia,2014,74.1243902439024,35.1,22172.2311602337,5.5
LV,Latvia,2015,74.4804878048781,34.2,23018.7929045001,5
MA,Morocco,1990,64.732,39.2,3923.21020938236,79.1
MA,Morocco,1998,67.86,39.5,4470.65254681588,54.2
MA,Morocco,2000,68.684,40.6,4492.42579536115,49.4
MA,Morocco,2006,72.403,40.7,5712.71711482859,38.1
MA,Morocco,2013,75.227,39.5,7018.23671508179,28
MD,Moldova,1997,66.722,36.9,3034.85179344423,38
MD,Moldova,1998,66.752,39.5,2837.45205924553,36.4
MD,Moldova,1999,66.852,42.6,2746.18812076305,34.1
MD,Moldova,2000,67.006,36.4,2809.77812336466,31.3
MD,Moldova,2001,67.185,38,2987.84875431816,28.3
MD,Moldova,2002,67.362,35.8,3228.36854808525,25.4
MD,Moldova,2003,67.521,34.9,3451.14544225677,23
MD,Moldova,2004,67.665,35,3715.7133607431,21.1
MD,Moldova,2005,67.82,36.3,4004.12234321664,19.7
MD,Moldova,2006,68.022,35.4,4207.99899486858,18.7
MD,Moldova,2007,68.302,34.4,4344.29509673129,18.1
MD,Moldova,2008,68.671,34.7,4692.07275825618,17.7
MD,Moldova,2009,69.119,32.9,4416.11969752478,17.4
MD,Moldova,2010,69.616,32.1,4734.38982119657,17.2
MD,Moldova,2011,70.119,30.6,5012.7420583314,17
MD,Moldova,2012,70.581,29.2,4983.83398812067,16.8
MD,Moldova,2013,70.968,28.5,5436.02063320425,16.6
MD,Moldova,2014,71.267,26.8,5711.2824248839,16.4
MD,Moldova,2015,71.478,27,5695.63072457868,16.3
MD,Moldova,2016,71.617,26.3,5950.35089769523,16.2
MD,Moldova,2017,71.717,25.9,6234.31034658484,16
ME,Montenegro,2005,73.642,30.2,11761.2334806528,10.6
ME,Montenegro,2006,73.85,30,12752.8884075586,9.7
ME,Montenegro,2007,74.115,31.4,13602.573294037,8.9
ME,Montenegro,2008,74.43,30.5,14559.1965925723,8
ME,Montenegro,2009,74.784,31,13686.0854515838,7.2
ME,Montenegro,2010,75.151,28.9,14034.5692635667,6.4
ME,Montenegro,2011,75.505,30.8,14472.4582555656,5.7
ME,Montenegro,2012,75.823,32.3,14066.4204644327,5.1
ME,Montenegro,2013,76.089,32.4,14551.4306082338,4.5
ME,Montenegro,2014,76.297,31.9,14796.6189196818,3.9
MG,Madagascar,1993,53.022,45.3,1464.14896552968,145.4
MG,Madagascar,1997,56.239,39.5,1392.54522486438,125.5
MG,Madagascar,1999,57.782,38.6,1422.09630289658,113.3
MG,Madagascar,2001,59.129,47.4,1484.40778157891,101.5
MG,Madagascar,2005,61.212,39.9,1389.50091191832,82.8
MG,Madagascar,2010,63.388,42.4,1385.68507168039,67.3
MG,Madagascar,2012,64.28,42.6,1370.94610291406,63
MK,North Macedonia,2009,74.484,42.8,10995.3732366072,10.9
MK,North Macedonia,2010,74.662,40.2,11355.3394804946,10.2
MK,North Macedonia,2011,74.846,39.4,11611.2511511122,10
MK,North Macedonia,2012,75.019,38.1,11548.3329934947,10.4
MK,North Macedonia,2013,75.171,36.2,11875.847608953,11.2
MK,North Macedonia,2014,75.299,35.2,12296.7816006381,12
MK,North Macedonia,2015,75.406,35.6,12761.3593030373,12.3
ML,Mali,1994,46.52,50.4,1335.49149152497,215
ML,Mali,2001,48.758,39.9,1642.35291628856,181.9
ML,Mali,2006,52.839,38.9,1786.30911017129,151.9
ML,Mali,2009,54.756,33,1835.97156484773,136.4
MM,Myanmar,2015,65.81,38.1,5030.26414915118,51.6
MN,Mongolia,1995,61.211,33.2,4243.87126315492,86.9
MN,Mongolia,1998,62.063,30.3,4544.35929850922,73.4
MN,Mongolia,2002,63.777,32.9,4925.13813970901,54.1
MN,Mongolia,2007,65.985,35.8,7049.29014904541,34.5
MN,Mongolia,2010,67.38,33.1,7688.0637252648,26.1
MN,Mongolia,2011,67.818,33.9,8853.12541902053,23.9
MN,Mongolia,2012,68.217,33.8,9752.5314682026,22.1
MN,Mongolia,2014,68.863,32,11286.0699560905,19.5
MN,Mongolia,2016,69.321,32.3,11245.0382946779,17.7
MR,Mauritania,1993,60.231,50.1,2845.39856308254,113.5
MR,Mauritania,1995,60.426,37.7,2878.47444336016,113.5
MR,Mauritania,2000,60.706,39,2833.9343786193,113.5
MR,Mauritania,2004,61.17,40.2,2918.42347892193,111.3
MR,Mauritania,2008,62.015,35.7,3503.26514034953,102.6
MR,Mauritania,2014,63.654,32.6,3779.08916197116,86.2
MT,Malta,2006,79.4390243902439,28,26704.3794934398,6.8
MT,Malta,2007,79.7926829268293,29.2,27672.2589896922,6.8
MT,Malta,2008,79.6365853658537,29,28412.8422114976,6.8
MT,Malta,2009,80.2414634146342,30.2,27505.0926980917,6.8
MT,Malta,2010,81.3975609756098,29,28339.9675248006,6.8
MT,Malta,2011,80.7463414634146,29.1,28597.4670967963,6.8
MT,Malta,2012,80.7463414634146,29.4,29101.8619653828,6.9
MT,Malta,2013,81.7463414634146,28.8,29998.9172746172,6.9
MT,Malta,2014,82.0463414634146,29,31914.8989151177,6.9
MT,Malta,2015,81.8975609756098,29.4,34484.530787426,7
MU,Mauritius,2006,72.4321951219512,35.7,13441.2059581538,15.9
MU,Mauritius,2012,73.8634146341464,38.5,17093.3209357591,14.7
MV,Maldives,2002,71.708,41.3,9592.79138703243,30.9
MV,Maldives,2009,75.499,38.4,11544.3214430447,14.9
MW,Malawi,1997,45.479,65.8,882.541530068505,195.1
MW,Malawi,2004,46.823,39.9,862.392437490767,121.2
MW,Malawi,2010,55.564,45.5,1077.54224403208,88.4
MW,Malawi,2016,62.681,44.7,1139.63065020559,55.7
MX,Mexico,1992,71.61,53.7,14126.0368488463,40.5
MX,Mexico,1994,72.279,54.3,14595.3001354517,36.6
MX,Mexico,1996,72.925,54.8,14134.5909882244,32.9
MX,Mexico,1998,73.625,53.4,15401.2118183142,29.5
MX,Mexico,2000,74.34,52.6,16129.9603347501,26.4
MX,Mexico,2002,74.922,50.1,15618.5304802018,23.6
MX,Mexico,2004,75.243,50,16019.7546166847,21.4
MX,Mexico,2005,75.3,50.1,16159.0489137035,20.5
MX,Mexico,2006,75.296,48.9,16641.3057651751,19.7
MX,Mexico,2008,75.194,49.9,16711.5547714836,18.4
MX,Mexico,2010,75.065,47.2,16160.3417046123,17.4
MX,Mexico,2012,74.966,48.7,16891.4926915682,16.4
MX,Mexico,2014,74.908,48.7,17149.7771030418,15.4
MX,Mexico,2016,74.917,48.3,17790.9395976937,14.1
MY,Malaysia,1992,71.326,47.7,11947.1822632351,15.1
MY,Malaysia,1995,71.834,48.5,14606.7690723135,13.3
MY,Malaysia,1997,72.11,49.1,16384.5867213472,12.4
MY,Malaysia,2004,73.364,46.1,17964.8576052536,8.3
MY,Malaysia,2007,73.931,46.1,20022.1874847035,7.9
MY,Malaysia,2008,74.118,45.5,20592.2351152529,7.9
MY,Malaysia,2011,74.683,43.9,21806.8227852715,8
MY,Malaysia,2013,75.072,41.3,23411.6377451035,8
MY,Malaysia,2015,75.461,41,25390.4352588725,8
MZ,Mozambique,1996,47.47,53.6,467.710603528405,209.8
MZ,Mozambique,2002,49.61,47,663.163147116481,154.4
MZ,Mozambique,2008,51.292,45.6,879.474994782014,114.1
MZ,Mozambique,2014,56.062,54,1117.87252933788,86.1
NA,Namibia,2003,50.589,63.3,6901.14751529687,78.1
NA,Namibia,2009,55.207,61,8332.19937714587,50.7
NA,Namibia,2015,62.119,59.1,10449.9511284424,44.9
NE,Niger,1992,44.703,36.1,801.767655666716,313.6
NE,Niger,1994,45.979,41.5,790.457070536529,291.6
NE,Niger,2005,53.411,44.4,762.874429061505,171.7
NE,Niger,2007,54.968,37.3,772.373364459987,150.2
NE,Niger,2011,58.081,31.5,799.258375990871,115.1
NE,Niger,2014,60.07,34.3,900.136918215285,98.5
NG,Nigeria,1992,45.857,45,3354.67540552724,209.8
NG,Nigeria,1996,45.88,51.9,3040.73091250735,203.3
NG,Nigeria,2003,47.242,40.1,3731.4632512152,167.5
NG,Nigeria,2009,50.422,43,4835.94937614404,138.3
NI,Nicaragua,1993,66.297,57.4,2774.72856192508,56.9
NI,Nicaragua,1998,68.667,54.4,3164.45726566716,47.6
NI,Nicaragua,2001,69.934,52.9,3464.82166127756,34.3
NI,Nicaragua,2005,71.195,48.8,3718.48610777938,26.5
NI,Nicaragua,2009,72.167,43.9,3853.30607548004,21.3
NI,Nicaragua,2014,73.429,46.2,4684.55263381374,19
NL,Netherlands,2004,79.0951219512195,29.8,43048.3137690503,5.6
NL,Netherlands,2005,79.3463414634146,29,43828.650190738,5.4
NL,Netherlands,2006,79.6975609756098,30,45272.7822529675,5.2
NL,Netherlands,2007,80.0975609756098,29.6,46878.770587095,5
NL,Netherlands,2008,80.2512195121951,29.3,47710.0983589935,4.8
NL,Netherlands,2009,80.5487804878049,27.9,45724.8627669983,4.6
NL,Netherlands,2010,80.7024390243902,27.8,46101.7545025257,4.5
NL,Netherlands,2011,81.2048780487805,27.7,46599.02103045,4.3
NL,Netherlands,2012,81.1048780487805,27.6,45948.5362831563,4.2
NL,Netherlands,2013,81.3048780487805,28.1,45753.6324046841,4.2
NL,Netherlands,2014,81.7073170731707,28.6,46238.2097020059,4.1
NL,Netherlands,2015,81.509756097561,28.2,46935.6049728766,4
NO,Norway,2003,79.390243902439,27.6,59678.4475323707,4.4
NO,Norway,2004,79.8414634146342,31.6,61675.6007816359,4.2
NO,Norway,2005,80.0414634146342,30.6,62864.7964675944,4
NO,Norway,2006,80.3439024390244,26.4,63854.1135353232,3.9
NO,Norway,2007,80.3951219512195,27.1,65083.2586976308,3.7
NO,Norway,2008,80.5926829268293,27,64586.147255723,3.5
NO,Norway,2009,80.7951219512195,26.2,62698.285355183,3.4
NO,Norway,2010,80.9975609756098,25.7,62350.4107068751,3.2
NO,Norway,2011,81.2951219512195,25.3,62145.0261549128,3.1
NO,Norway,2012,81.4512195121951,25.7,63003.4108977463,3
NO,Norway,2013,81.7512195121951,26.4,62896.290059206,2.9
NO,Norway,2014,82.1,26.8,63419.314778542,2.8
NO,Norway,2015,82.3048780487805,27.5,64028.3915322041,2.7
NP,Nepal,1995,58.6,35.2,1340.44013547329,107.1
NP,Nepal,2003,64.165,43.8,1589.57924497021,68.3
NP,Nepal,2010,67.611,32.8,1986.71001520982,46.8
PA,Panama,1991,73.212,58.2,8417.38391910905,30
PA,Panama,1995,74.092,57.8,9256.94123910538,28
PA,Panama,1997,74.5,58.2,9846.48586137683,27.3
PA,Panama,1998,74.694,57.5,10357.4097538621,26.9
PA,Panama,1999,74.881,56.5,10549.8386186658,26.4
PA,Panama,2000,75.06,56.8,10624.8530408621,25.9
PA,Panama,2001,75.233,56.9,10480.7042964496,25.3
PA,Panama,2002,75.401,56.2,10511.7647014066,24.7
PA,Panama,2003,75.565,55.8,10749.5090708011,24.1
PA,Panama,2004,75.728,54.8,11344.889913774,23.5
PA,Panama,2005,75.892,53.8,11938.4905663825,22.9
PA,Panama,2006,76.06,54.6,12736.4519727985,22.3
PA,Panama,2007,76.234,52.7,14006.705348673,21.7
PA,Panama,2008,76.414,52.7,15113.5265487258,21.1
PA,Panama,2009,76.6,51.8,15032.0102303319,20.5
PA,Panama,2010,76.792,51.6,15630.8617965347,19.9
PA,Panama,2011,76.989,51.3,17099.8188262158,19.2
PA,Panama,2012,77.188,51.7,18452.6687005231,18.6
PA,Panama,2013,77.386,51.5,19393.1590224858,18.1
PA,Panama,2014,77.583,50.5,20031.6934361289,17.5
PA,Panama,2015,77.776,50.8,20821.5619113913,16.9
PA,Panama,2016,77.964,50.4,21484.3150995395,16.3
PA,Panama,2017,78.149,49.9,22243.5494820482,15.8
PE,Peru,1997,69.834,53.7,6498.19734798514,49.6
PE,Peru,1998,70.274,56.1,6359.96261402289,45.6
PE,Peru,1999,70.7,56.3,6351.02055038985,41.9
PE,Peru,2000,71.111,49.1,6428.06705780178,38.6
PE,Peru,2001,71.505,51.3,6385.88844954552,35.6
PE,Peru,2002,71.882,53.6,6659.18146143164,33
PE,Peru,2003,72.24,53.1,6867.79701183368,30.6
PE,Peru,2004,72.581,49.9,7142.56236124417,28.5
PE,Peru,2005,72.908,50.4,7525.56802325153,26.7
PE,Peru,2006,73.222,50.3,8024.22841396387,25.1
PE,Peru,2007,73.528,50,8636.76994814191,23.6
PE,Peru,2008,73.826,47.5,9349.35765299265,22.3
PE,Peru,2009,74.12,47,9376.19670873212,21.1
PE,Peru,2010,74.41,45.5,10075.2258008988,20.1
PE,Peru,2011,74.697,44.7,10626.0771337578,19.2
PE,Peru,2012,74.981,44.4,11185.8088093639,18.4
PE,Peru,2013,75.258,43.9,11734.2011367158,17.6
PE,Peru,2014,75.529,43.2,11887.3897122438,16.8
PE,Peru,2015,75.792,43.4,12121.2047316626,16.1
PE,Peru,2016,76.044,43.6,12415.1956615424,15.5
PE,Peru,2017,76.286,43.3,12518.1633962279,14.9
PG,Papua New Guinea,1996,58.344,55.4,3133.88231928028,78.1
PG,Papua New Guinea,2009,61.739,41.9,2883.33106131189,59.6
PH,Philippines,2000,68.793,47.7,4224.10315180311,37.8
PH,Philippines,2003,68.937,46.6,4440.60480169238,35.7
PH,Philippines,2006,69.233,47.2,4937.14270997472,33.8
PH,Philippines,2009,69.667,46.3,5273.81226297631,32.4
PH,Philippines,2012,70.149,46.5,5967.48923364606,31.2
PH,Philippines,2015,70.644,44.4,6847.86517354716,30.1
PK,Pakistan,1990,60.1,33.2,3055.82439858817,138.9
PK,Pakistan,1996,61.773,28.7,3395.56991437883,123.5
PK,Pakistan,1998,62.303,33.1,3322.00266676239,118
PK,Pakistan,2001,63.066,30.4,3382.17412026939,109.8
PK,Pakistan,2004,63.736,32.5,3662.06701535637,102.2
PK,Pakistan,2005,63.951,32.7,3853.33608262839,99.8
PK,Pakistan,2007,64.42,31.6,4097.30469789065,94.9
PK,Pakistan,2010,65.264,29.8,4071.97605979452,87.5
PK,Pakistan,2011,65.562,30.9,4094.52711205909,85.1
PK,Pakistan,2013,66.117,30.7,4241.18504011363,80.5
PK,Pakistan,2015,66.577,33.5,4459.146517241,76
PL,Poland,2004,74.8463414634146,38,16605.8275088949,7.8
PL,Poland,2005,74.9951219512195,35.8,17193.5341241591,7.6
PL,Poland,2006,75.1439024390244,34.7,18267.6045586066,7.3
PL,Poland,2007,75.2439024390244,34,19563.3040651531,7
PL,Poland,2008,75.5439024390244,33.5,20391.9018197632,6.7
PL,Poland,2009,75.6951219512195,33.4,20952.7878697904,6.3
PL,Poland,2010,76.2463414634146,33.2,21770.6300925472,6
PL,Poland,2011,76.6951219512195,33.2,22850.6388460286,5.7
PL,Poland,2012,76.7463414634146,33,23218.111053155,5.4
PL,Poland,2013,77,33.1,23555.4957596892,5.2
PL,Poland,2014,77.6024390243903,32.8,24355.3943027322,5
PL,Poland,2015,77.4512195121951,31.8,25307.243943053,4.9
PS,West Bank and Gaza,2004,71.842,34,3324.83440684828,26.9
PS,West Bank and Gaza,2005,72.028,34.7,3590.93517385068,26.2
PS,West Bank and Gaza,2006,72.203,34,3363.80570536278,25.6
PS,West Bank and Gaza,2007,72.366,35.6,3495.04252198951,24.9
PS,West Bank and Gaza,2009,72.656,34.5,3816.16507033626,23.8
PS,West Bank and Gaza,2010,72.788,35.3,4019.48506667715,23.3
PS,West Bank and Gaza,2011,72.915,34.4,4405.77857347918,23
PS,West Bank and Gaza,2016,73.589,33.7,4600.68539961298,21.3
PT,Portugal,2003,77.219512195122,38.7,26031.6495899131,5.6
PT,Portugal,2004,77.6707317073171,38.9,26439.9333354366,5.1
PT,Portugal,2005,78.0707317073171,38.5,26593.2857037278,4.7
PT,Portugal,2006,78.419512195122,38.1,26957.6363702978,4.4
PT,Portugal,2007,78.3219512195122,36.7,27575.2364597729,4.2
PT,Portugal,2008,78.5243902439025,36.6,27590.3747959133,4.1
PT,Portugal,2009,78.7268292682927,34.9,26743.1979904258,4
PT,Portugal,2010,79.0268292682927,35.8,27238.4606724422,3.9
PT,Portugal,2011,80.4707317073171,36.3,26780.2149060404,3.8
PT,Portugal,2012,80.3731707317073,36,25805.8498346706,3.7
PT,Portugal,2013,80.7219512195122,36.2,25654.6142954091,3.7
PT,Portugal,2014,81.1219512195122,35.6,26023.6978492184,3.7
PT,Portugal,2015,81.1243902439025,35.5,26607.8328143368,3.7
PY,Paraguay,1990,68.545,40.8,7932.98367018879,45.4
PY,Paraguay,1995,69.511,58.2,8715.07261804015,38.2
PY,Paraguay,1997,69.88,54.9,8819.2886862172,36.2
PY,Paraguay,1999,70.31,54.6,8340.52787786441,34.5
PY,Paraguay,2001,70.786,54.6,7763.88464963016,33
PY,Paraguay,2002,71.023,57.3,7616.97061308047,32.3
PY,Paraguay,2003,71.249,54.9,7803.57681253138,31.5
PY,Paraguay,2004,71.464,52.3,7981.94933397171,30.7
PY,Paraguay,2005,71.667,51.4,8021.30162515084,29.9
PY,Paraguay,2006,71.862,53,8280.20175014344,29.2
PY,Paraguay,2007,72.055,53,8605.11081536382,28.4
PY,Paraguay,2008,72.251,50.7,9027.60277403907,27.7
PY,Paraguay,2009,72.45,49.1,8883.54125368419,26.8
PY,Paraguay,2010,72.653,51,9740.68188010088,26
PY,Paraguay,2011,72.86,52.3,10016.7703711715,25.2
PY,Paraguay,2012,73.068,47.6,9827.01866754525,24.4
PY,Paraguay,2013,73.274,47.9,10508.9432944214,23.7
PY,Paraguay,2014,73.473,50.7,10870.7434394442,22.9
PY,Paraguay,2015,73.662,47.6,11056.1334381666,22.2
PY,Paraguay,2016,73.836,47.9,11381.3204923257,21.6
PY,Paraguay,2017,73.992,48.8,11790.4615618001,20.9
RO,Romania,1992,69.7843902439024,25.5,9255.83620154824,28.7
RO,Romania,1994,69.509756097561,28.2,9794.37198350147,27.5
RO,Romania,2006,72.1634146341463,39.6,15680.9037663144,16.2
RO,Romania,2007,72.5658536585366,37.5,17065.4724093,14.4
RO,Romania,2008,72.5658536585366,36.4,18967.2843046198,13
RO,Romania,2009,73.309756097561,35.6,18070.7040756282,12
RO,Romania,2010,73.4585365853659,35.5,17469.1754478485,11.5
RO,Romania,2011,74.409756097561,35.9,17907.6746269812,11.3
RO,Romania,2012,74.4121951219512,36.5,18361.2049364098,11.1
RO,Romania,2013,75.0634146341463,36.9,19077.2257782884,10.6
RO,Romania,2014,74.909756097561,36,19801.9480324916,10
RO,Romania,2015,75.0121951219512,35.9,20665.6363403955,9.2
RS,Serbia,2012,74.8365853658537,39.8,13719.6557149076,7.1
RS,Serbia,2013,75.1853658536585,39.8,14185.3723005704,6.9
RS,Serbia,2014,75.3365853658537,39.2,14025.5892356238,6.6
RS,Serbia,2015,75.2878048780488,39.6,14345.5311726837,6.3
RU,Russian Federation,1993,64.9358536585366,48.4,15274.2205856376,21.8
RU,Russian Federation,1996,65.8541463414634,46.1,12370.0959893354,21.5
RU,Russian Federation,1997,66.6987804878049,38.4,12564.0309592216,21.2
RU,Russian Federation,1998,67.029756097561,38.1,11917.8464620528,20.7
RU,Russian Federation,1999,65.9821951219512,37.4,12719.8928946552,20.1
RU,Russian Federation,2000,65.4836585365854,37.1,14050.851335184,19.3
RU,Russian Federation,2001,65.3834146341463,36.9,14829.0829751764,18.3
RU,Russian Federation,2002,65.1287804878049,37.3,15604.1494910555,17.2
RU,Russian Federation,2003,65.0478048780488,40,16818.7426277435,16
RU,Russian Federation,2004,65.4709756097561,40.3,18098.3670811063,14.8
RU,Russian Federation,2005,65.529756097561,41.3,19325.9357374404,13.7
RU,Russian Federation,2006,66.7275609756098,41,20970.1899029814,12.8
RU,Russian Federation,2007,67.5868292682927,42.3,22798.9708291491,11.9
RU,Russian Federation,2008,67.9492682926829,41.6,24005.9966846059,11.2
RU,Russian Federation,2009,68.6846341463415,39.8,22121.8524916504,10.7
RU,Russian Federation,2010,68.8412195121951,39.5,23325.9811931043,10.3
RU,Russian Federation,2011,69.6839024390244,39.7,24310.043965548,10.1
RU,Russian Federation,2012,70.0721951219512,40.7,25156.4209403579,9.8
RU,Russian Federation,2013,70.5787804878049,40.9,25551.0899736271,9.5
RU,Russian Federation,2014,70.7436585365854,39.9,25284.5862019817,9
RU,Russian Federation,2015,71.1834146341463,37.7,24516.5499502675,8.5
RW,Rwanda,2000,48.649,48.5,803.370001364782,183.1
RW,Rwanda,2005,55.254,52,1063.40562031868,110.4
RW,Rwanda,2010,63.433,47.2,1396.40570350555,63.5
RW,Rwanda,2013,66.219,45.1,1592.56026267864,47.5
RW,Rwanda,2016,67.93,43.7,1832.30429349865,38.8
SB,Solomon Islands,2005,69.158,46.1,1680.38846460231,28.8
SB,Solomon Islands,2013,71.601,37.1,2107.74678281916,23.4
SC,Seychelles,2013,73.119512195122,46.8,23540.380506005,14.5
SD,Sudan,2009,62.33,35.4,3368.96552075026,78.1
SE,Sweden,2003,80.0951219512195,25.3,38786.720092202,3.9
SE,Sweden,2004,80.4975609756098,26.1,40299.9202524851,3.7
SE,Sweden,2005,80.5463414634146,26.8,41269.6534779254,3.6
SE,Sweden,2006,80.7487804878049,26.4,42966.7826018108,3.5
SE,Sweden,2007,80.9,27.1,44102.8713029557,3.3
SE,Sweden,2008,81.1,28.1,43516.8579354598,3.2
SE,Sweden,2009,81.3512195121951,27.3,40905.7995784945,3.1
SE,Sweden,2010,81.4512195121951,27.7,42988.8052058718,3.1
SE,Sweden,2011,81.8024390243903,27.6,43808.5011571571,3
SE,Sweden,2012,81.7048780487805,27.6,43355.8077615201,3
SE,Sweden,2013,81.9560975609756,28.8,43522.3512150498,2.9
SE,Sweden,2014,82.2536585365854,28.4,44213.8779689315,2.9
SE,Sweden,2015,82.2048780487805,29.2,45698.4950627754,2.9
SI,Slovenia,1993,73.2536585365854,29.2,16792.6340914408,8.5
SI,Slovenia,2004,77.2073170731707,24.8,25962.9085086601,4.4
SI,Slovenia,2005,77.6121951219512,24.6,26955.4759051744,4.2
SI,Slovenia,2006,78.0865853658537,24.4,28389.3382006689,4
SI,Slovenia,2007,78.5609756097561,24.4,30190.723646843,3.8
SI,Slovenia,2008,78.7658536585366,23.7,31137.7763671714,3.6
SI,Slovenia,2009,78.9707317073171,24.8,28451.5455225073,3.4
SI,Slovenia,2010,79.4219512195122,24.9,28678.3726303687,3.2
SI,Slovenia,2011,79.9707317073171,24.9,28804.7015194266,3
SI,Slovenia,2012,80.1243902439024,25.6,27976.9163065514,2.9
SI,Slovenia,2013,80.3219512195122,26.2,27622.6855482922,2.7
SI,Slovenia,2014,81.0780487804878,25.7,28409.7555968679,2.6
SI,Slovenia,2015,80.7756097560976,25.4,29042.7252330979,2.5
SK,Slovak Republic,1996,72.6536585365854,25.8,14044.6526477464,11.5
SK,Slovak Republic,2004,73.9585365853659,27.1,18756.5539505275,8.5
SK,Slovak Republic,2005,73.9048780487805,29.3,20020.8375943888,8.2
SK,Slovak Republic,2006,74.2048780487805,25.8,21712.1783648146,7.9
SK,Slovak Republic,2007,74.2073170731707,24.7,24049.9833717541,7.7
SK,Slovak Republic,2008,74.7048780487805,26,25382.1684009197,7.4
SK,Slovak Republic,2009,74.909756097561,27.2,23973.8413853129,7.2
SK,Slovak Republic,2010,75.1121951219512,27.3,25159.0775487579,7
SK,Slovak Republic,2011,75.9585365853659,26.5,25835.0047572051,6.8
SK,Slovak Republic,2012,76.109756097561,26.1,26218.4716043616,6.6
SK,Slovak Republic,2013,76.4121951219512,28.1,26580.7178548938,6.4
SK,Slovak Republic,2014,76.8121951219512,26.1,27285.284673711,6.2
SK,Slovak Republic,2015,76.5634146341463,26.5,28397.4107219706,6.1
SL,Sierra Leone,2003,42.419,40.2,1036.66208981027,216.8
SL,Sierra Leone,2011,50.234,34,1255.45303814858,153.9
SN,Senegal,1991,57.43,54.1,2312.31261572292,137.1
SN,Senegal,1994,57.48,41.4,2173.36145707982,138.6
SN,Senegal,2001,58.177,41.2,2468.52693100543,124.9
SN,Senegal,2005,60.62,39.2,2682.44330381118,93.7
SN,Senegal,2011,64.898,40.3,2739.33565520208,62.5
SR,Suriname,1999,67.781,57.6,9714.50901731208,35.7
SS,South Sudan,2009,54.219,46.3,3956.03304639359,114.8
ST,Sao Tome and Principe,2010,67.43,30.8,2559.57576404024,45.4
SV,El Salvador,1991,64.858,54,4517.59804402505,56.5
SV,El Salvador,1995,67.277,49.9,5324.08266985206,44.6
SV,El Salvador,1996,67.651,51,5309.75330525922,42
SV,El Salvador,1998,68.284,54.5,5517.0091086027,37
SV,El Salvador,1999,68.581,52.2,5590.80464087379,34.8
SV,El Salvador,2000,68.875,51.5,5612.38407144055,32.9
SV,El Salvador,2001,69.162,51.4,5624.30194784058,31.1
SV,El Salvador,2002,69.432,51.9,5679.55110670061,29.4
SV,El Salvador,2003,69.68,50.4,5737.54104378513,27.8
SV,El Salvador,2004,69.908,47.8,5760.0904179186,26.3
SV,El Salvador,2005,70.124,48.5,5888.35391013688,24.9
SV,El Salvador,2006,70.333,45.7,6116.51276500781,23.6
SV,El Salvador,2007,70.542,45.2,6203.36577164369,22.4
SV,El Salvador,2008,70.756,46.9,6308.50970672861,21.3
SV,El Salvador,2009,70.978,45.8,6151.07494319244,20.2
SV,El Salvador,2010,71.21,43.5,6280.95303828637,19.2
SV,El Salvador,2011,71.449,42.3,6492.56213133652,18.3
SV,El Salvador,2012,71.692,41.8,6646.02148287269,17.5
SV,El Salvador,2013,71.935,43.4,6764.08130188109,16.7
SV,El Salvador,2014,72.175,41.6,6848.0760107372,16
SV,El Salvador,2015,72.412,40.6,6978.83560585911,15.3
SV,El Salvador,2016,72.644,40,7118.9151884059,14.7
SV,El Salvador,2017,72.872,38,7246.75552708775,14.2
SZ,Eswatini,1994,58.958,60.5,5660.79624999403,86.4
SZ,Eswatini,2000,47.49,53.1,6164.69002760755,126.3
SZ,Eswatini,2009,45.275,51.5,7996.24600148269,100.1
TD,Chad,2003,48.057,39.8,1228.3945141978,175.8
TD,Chad,2011,51.424,43.3,1852.93815588829,145.6
TG,Togo,2006,55.052,42.2,1161.0574169635,100.9
TG,Togo,2011,58.092,46,1286.47049660966,86.9
TG,Togo,2015,59.927,43.1,1467.24515929218,76.8
TH,Thailand,1990,70.248,45.3,6653.33646437198,36.9
TH,Thailand,1992,70.281,47.9,7637.41067168064,33.1
TH,Thailand,1994,70.202,43.5,8767.3284686439,29.8
TH,Thailand,1996,70.215,42.9,9806.04729487703,26.8
TH,Thailand,1998,70.348,41.5,8599.98755242049,24.2
TH,Thailand,1999,70.463,43.1,8890.21088844562,23
TH,Thailand,2000,70.623,42.8,9189.84594187657,21.9
TH,Thailand,2002,71.089,41.9,9915.06125273305,19.8
TH,Thailand,2004,71.728,42.5,11135.3288454765,17.9
TH,Thailand,2006,72.499,41.8,12026.7963895012,16.2
TH,Thailand,2007,72.916,39.8,12609.6618792648,15.4
TH,Thailand,2008,73.341,40.3,12759.9911030361,14.7
TH,Thailand,2009,73.766,39.6,12608.2061156605,14
TH,Thailand,2010,74.184,39.4,13489.3281676543,13.3
TH,Thailand,2011,74.593,37.5,13537.488341522,12.7
TH,Thailand,2012,74.992,39.3,14450.0136046902,12.1
TH,Thailand,2013,75.378,37.8,14771.1554773013,11.5
TH,Thailand,2014,75.747,37,14852.4361214448,11
TH,Thailand,2015,76.091,36,15256.4188350438,10.5
TH,Thailand,2016,76.403,36.9,15709.7836300773,10
TH,Thailand,2017,76.683,36.5,16285.6373659465,9.5
TJ,Tajikistan,1999,61.161,29.5,1111.42520569557,90.4
TJ,Tajikistan,2003,64.496,32.7,1517.4667021702,65.9
TJ,Tajikistan,2004,65.314,33.6,1644.45564116681,60.7
TJ,Tajikistan,2007,67.382,32.2,1908.35557495284,49.3
TJ,Tajikistan,2009,68.36,30.8,2051.72671117661,44.8
TJ,Tajikistan,2015,70.137,34,2670.18020232317,37.8
TL,Timor-Leste,2001,59.945,35.9,3498.33977859624,102.8
TL,Timor-Leste,2007,65.61,27.8,9309.06412248135,72.5
TL,Timor-Leste,2014,68.197,28.7,6466.73770778252,52.8
TM,Turkmenistan,1998,63.237,40.8,4441.33264263799,84.8
TN,Tunisia,1990,68.792,40.2,5608.33124777751,55.5
TN,Tunisia,1995,71.517,41.7,6123.62256066453,42.8
TN,Tunisia,2000,73.172,40.8,7566.78853739605,30
TN,Tunisia,2005,74.217,37.7,8799.20742233922,22.1
TN,Tunisia,2010,75.041,35.8,10440.9649532548,18.4
TN,Tunisia,2015,75.922,32.8,10860.5198138173,17.2
TO,Tonga,2001,69.725,37.7,4747.87814648915,17.3
TO,Tonga,2009,69.982,37.5,4823.10365146103,17.2
TO,Tonga,2015,70.517,37.6,5477.34595519659,16.8
TR,Turkey,1994,66.377,41.3,11594.0043413503,58.1
TR,Turkey,2002,71.078,41.4,13468.0208387342,32.3
TR,Turkey,2003,71.559,42.2,14020.1725802283,29.8
TR,Turkey,2004,72.004,41.3,15160.9245088558,27.5
TR,Turkey,2005,72.424,42.6,16309.6681265582,25.3
TR,Turkey,2006,72.83,39.6,17252.4263991339,23.4
TR,Turkey,2007,73.235,38.4,17905.4483970864,21.6
TR,Turkey,2008,73.649,39,17842.2328207313,20
TR,Turkey,2009,74.074,39,16787.6268897334,18.6
TR,Turkey,2010,74.507,38.8,17959.2407217322,17.3
TR,Turkey,2011,74.944,40,19651.6784765047,16.2
TR,Turkey,2012,75.373,40.2,20259.4381321689,15.2
TR,Turkey,2013,75.784,40.2,21610.4852442043,14.2
TR,Turkey,2014,76.172,41.2,22343.497453361,13.4
TR,Turkey,2015,76.532,42.9,23311.6596919507,12.6
TR,Turkey,2016,76.86,41.9,23664.4312263351,11.9
TT,Trinidad and Tobago,1992,68.305,40.3,12231.1757860826,29.6
TZ,Tanzania,1991,49.978,35.3,1526.01720149816,164.2
TZ,Tanzania,2000,50.801,37.3,1564.65101146059,130
TZ,Tanzania,2007,55.926,40.3,2052.58027929036,84.4
TZ,Tanzania,2011,59.525,37.8,2329.33043657044,68.8
UA,Ukraine,1992,68.7709756097561,29.7,8611.47455872664,19.5
UA,Ukraine,1993,68.1307317073171,28.9,7382.2997222315,19.8
UA,Ukraine,1995,66.7419512195122,39.3,5059.82291520728,20.3
UA,Ukraine,1996,67.0224390243903,35.2,4594.43233101207,20.4
UA,Ukraine,2002,68.2756097560976,29,5625.26499727842,16.7
UA,Ukraine,2003,68.2107317073171,28.7,6210.75509130761,15.9
UA,Ukraine,2004,68.1853658536585,28.9,7015.82283341774,15.1
UA,Ukraine,2005,67.9568292682927,29,7279.25900298855,14.5
UA,Ukraine,2006,68.0775609756098,29.8,7873.88391738588,13.9
UA,Ukraine,2007,68.2221951219512,27,8522.49610211362,13.4
UA,Ukraine,2008,68.2514634146342,26.6,8766.19422139608,12.9
UA,Ukraine,2009,69.19,25.3,7505.67775746055,12.3
UA,Ukraine,2010,70.2653658536586,24.8,7824.49845171438,11.7
UA,Ukraine,2011,70.8092682926829,24.6,8281.86712612352,11.2
UA,Ukraine,2012,70.9441463414634,24.7,8322.17303436674,10.6
UA,Ukraine,2013,71.159512195122,24.6,8338.91505034601,10.2
UA,Ukraine,2014,71.1865853658537,24,8243.47351509088,9.8
UA,Ukraine,2015,71.189512195122,25.5,7464.93983359294,9.5
UA,Ukraine,2016,71.4763414634146,25,7678.05369850508,9.2
UG,Uganda,1992,44.715,41.4,789.144708698153,176.6
UG,Uganda,1996,43.899,39,976.440393873547,165
UG,Uganda,1999,45.373,43,1065.99611460327,153.8
UG,Uganda,2002,48.299,45.2,1146.81030791323,133.5
UG,Uganda,2005,51.676,42.9,1260.65704911059,109.2
UG,Uganda,2009,56.06,44.2,1549.36178312208,82.9
UG,Uganda,2012,59.017,41,1689.77724447802,67.3
UG,Uganda,2016,61.986,42.8,1767.49689955121,51.2
US,United States,1991,75.3658536585366,38.2,36284.5822327347,10.9
US,United States,1994,75.619512195122,40.2,38603.6512007035,9.8
US,United States,1997,76.4292682926829,40.8,41462.8014609326,8.9
US,United States,2000,76.6365853658537,40.4,45661.2686667505,8.4
US,United States,2004,77.4878048780488,40.5,48275.3861039114,8.1
US,United States,2007,77.9878048780488,41.1,50897.7312378343,7.7
US,United States,2010,78.5414634146342,40.4,49479.2486787465,7.3
US,United States,2013,78.7414634146342,41,51208.8924277934,7
US,United States,2016,78.5390243902439,41.5,53631.7576241352,6.7
UY,Uruguay,2006,76.046,45.9,13508.4349647175,13.5
UY,Uruguay,2007,76.251,46.4,14364.6693723971,12.7
UY,Uruguay,2008,76.437,45.1,15356.4503129098,11.9
UY,Uruguay,2009,76.603,45.6,15962.914946307,11.2
UY,Uruguay,2010,76.75,44.5,17159.3937728551,10.7
UY,Uruguay,2011,76.882,42.2,17993.4475358742,10.3
UY,Uruguay,2012,77.004,39.9,18574.7319843598,9.9
UY,Uruguay,2013,77.124,40.5,19376.1326543846,9.6
UY,Uruguay,2014,77.244,40.1,19939.0050053953,9.2
UY,Uruguay,2015,77.369,40.2,19945.0346807274,8.9
UY,Uruguay,2016,77.498,39.7,20210.2576826934,8.4
UY,Uruguay,2017,77.632,39.5,20658.4744393954,8
UZ,Uzbekistan,1998,66.782,44.7,2384.41057162751,67.1
UZ,Uzbekistan,2000,67.156,36.1,2519.52273587905,62.9
UZ,Uzbekistan,2002,67.613,33,2661.61237000963,57.5
UZ,Uzbekistan,2003,67.868,35.3,2742.17213916774,54.7
VE,"Venezuela, RB",1992,70.951,42.5,16248.5550620926,27.7
VE,"Venezuela, RB",1995,71.321,47.8,15503.4745713288,26.2
VE,"Venezuela, RB",1998,71.756,49.8,15544.778403732,23.5
VE,"Venezuela, RB",1999,71.93,48.3,14338.8314532754,27.5
VE,"Venezuela, RB",2001,72.294,48.2,14806.6635678272,20.9
VE,"Venezuela, RB",2002,72.466,50.6,13251.3752905602,20.3
VE,"Venezuela, RB",2003,72.618,50.4,12007.8332714062,19.8
VE,"Venezuela, RB",2004,72.746,49.8,13960.5419757979,19.1
VE,"Venezuela, RB",2005,72.852,52.4,15147.0270428253,18.5
VE,"Venezuela, RB",2006,72.938,46.9,16383.4349961259,17.9
VN,Vietnam,1992,71.124,35.7,1609.49202564048,46.4
VN,Vietnam,1998,72.617,35.4,2353.55571497582,33
VN,Vietnam,2002,73.438,37,2848.44088740631,27.5
VN,Vietnam,2004,73.875,36.8,3214.18513538634,25.8
VN,Vietnam,2006,74.295,35.8,3630.03457115151,24.5
VN,Vietnam,2008,74.625,35.6,4031.551427591,23.7
VN,Vietnam,2010,74.837,39.3,4433.46782576121,23.1
VN,Vietnam,2012,74.958,35.6,4856.00060371544,22.6
VN,Vietnam,2014,75.056,34.8,5312.49218270374,22.1
VN,Vietnam,2016,75.172,35.3,5895.62849208773,21.5
VU,Vanuatu,2010,69.123,37.6,2949.08129984367,29.4
WS,Samoa,2002,69.451,40.7,4777.81688983719,19.9
WS,Samoa,2008,71.158,42,5736.22937373426,18.9
WS,Samoa,2013,72.351,38.7,5490.9384935286,17.9
YE,"Yemen, Rep.",1998,59.782,35,3839.68806385577,103.3
YE,"Yemen, Rep.",2005,63.481,34.7,4253.64588810944,72.5
YE,"Yemen, Rep.",2014,66.066,36.7,3828.48488681824,55
ZA,South Africa,1993,62.894,59.3,9014.2825445892,57.2
ZA,South Africa,1996,60.595,60.7,9386.08925760084,62.7
ZA,South Africa,2000,56.048,57.8,9700.61662522287,73.9
ZA,South Africa,2005,53.447,64.8,10994.8782990321,78.5
ZA,South Africa,2008,55.36,63,12142.2458006899,64.8
ZA,South Africa,2010,57.669,63.4,11973.1504778322,52.5
ZA,South Africa,2014,61.968,63,12388.2566577708,39.5
ZM,Zambia,1991,48.125,60.5,2278.80202451197,186.9
ZM,Zambia,1993,45.919,52.6,2278.34712277452,185.7
ZM,Zambia,1996,43.735,48.3,2108.91095291693,177.9
ZM,Zambia,1998,43.413,49.1,2064.46765113577,172.9
ZM,Zambia,2002,45.4,42.1,2221.67178516144,142.1
ZM,Zambia,2004,47.354,54.3,2415.59011717611,119.2
ZM,Zambia,2006,49.757,54.6,2652.09272773809,101.4
ZM,Zambia,2010,55.655,55.6,3338.09718592616,80.3
ZM,Zambia,2015,61.737,57.1,3677.73501885216,64.6
ZW,Zimbabwe,2011,52.896,43.2,2168.11029336035,79
